"Index","ts1","ts2","ts3"
1960,-0.489879249088885,5.44657852849792,-1.6391240604118
1960.08333333333,-0.210960835119727,-6.47724361967496,-3.10955047194032
1960.16666666667,0.0182919257582859,4.82618164164126,-3.52808706334873
1960.25,0.896720636338104,-1.75218493660128,-1.31964885520148
1960.33333333333,1.70375870652533,0.710314631027913,-2.0055115230852
1960.41666666667,1.21561006832656,-0.985202416638569,-1.56396147311911
1960.5,-1.11747808279193,1.35601122211016,-0.716944232810597
1960.58333333333,-1.63974626600449,0.285229888094171,-0.728111500907795
1960.66666666667,-0.544839681940777,-0.751585131163169,-0.839444790652486
1960.75,-0.451011009193212,-1.55398008450887,0.379697184056876
1960.83333333333,-0.547204307120321,2.0816923388918,2.55900756819887
1960.91666666667,1.28387291263672,0.272073999159221,3.25512677646167
1961,0.581767576561367,-0.111190400121832,3.72931227416283
1961.08333333333,-0.234882919502374,-2.50406726110876,1.89317270913919
1961.16666666667,-0.991373680519342,2.85120512898363,-0.685340512124785
1961.25,-0.888323717160393,-2.08752713531986,-0.941700255720987
1961.33333333333,0.760981763379813,1.67743609163446,-2.67475280193863
1961.41666666667,1.21528553058616,-1.01100356907283,-3.06401546555425
1961.5,1.34421097599092,-1.23818667867353,-2.08899991944065
1961.58333333333,2.11175733857867,1.90259972468466,-0.819236373894471
1961.66666666667,1.00387915417517,-1.58313247084426,0.787580074896301
1961.75,1.57747335444091,2.31077425376496,2.20632096731831
1961.83333333333,-1.70710719116381,-2.88819960939551,2.6802127688014
1961.91666666667,-3.96617596424921,2.06437865188282,1.69282611910294
1962,-3.83160360539395,-2.15366642178363,0.242558028748258
1962.08333333333,-0.40679264434482,1.99000921331122,-2.50218500507004
1962.16666666667,1.83975779934091,0.000428776876234105,-2.98455567654705
1962.25,2.81627168380383,0.512438242568109,-3.61683016044225
1962.33333333333,0.411219742724846,-1.70661452204289,-3.43755061247275
1962.41666666667,-0.68139299139689,-0.56279548531598,-3.30598002820022
1962.5,-0.501422861068605,2.40322398054186,-3.15024208923457
1962.58333333333,-0.657610815320278,-2.98009940907086,-1.66353996213761
1962.66666666667,-0.284083185679216,1.43637360772788,-2.06382780312763
1962.75,-0.459632253807736,0.480032298990731,-1.86394244294538
1962.83333333333,-1.13412909370402,-0.149041721059611,-0.0680717712596162
1962.91666666667,0.230748473609889,-1.41400345025264,2.41576005194588
1963,2.33440711941915,1.48678264784039,3.93818315542045
1963.08333333333,1.79767586411797,-1.15253675584338,4.14687662146803
1963.16666666667,0.525535077402757,1.69833223131332,4.2636118923649
1963.25,0.510120543515137,-1.07254180543455,3.64379453732498
1963.33333333333,1.88441170361462,0.859252090564446,0.88341025847603
1963.41666666667,1.28480023015892,-0.603243300692904,0.249739331249259
1963.5,2.41382735048392,-1.13931339168219,-0.227337543854594
1963.58333333333,2.49776057606214,3.36416663544364,-0.943993073269399
1963.66666666667,1.30389345799441,-3.00396301638419,-2.44212142251449
1963.75,-0.361180771083998,1.96169652985019,-1.46756647560154
1963.83333333333,-1.15861530086757,-2.08610930200879,-0.374787196494437
1963.91666666667,0.911753539347306,1.10311886552612,0.363498353956319
1964,0.405973741221135,0.174825665235913,-0.481212706325696
1964.08333333333,0.553637020572271,1.08530406088024,-0.426066272191213
1964.16666666667,0.128688613126254,-2.44564150685883,-0.312148174253178
1964.25,0.747997480804835,4.35831463486528,0.375990235975192
1964.33333333333,1.33141600911239,-4.91498776198644,1.12304557536843
1964.41666666667,-0.0241822139092658,4.10715456415635,0.24413808413818
1964.5,-1.31099653892365,-2.58952418862414,2.57678300663447
1964.58333333333,-0.643163769325209,2.99786540577958,3.6578200891618
1964.66666666667,0.486126492349615,-4.45597115345058,2.27665553592823
1964.75,1.34716679635498,3.29383357381248,0.603183533801889
1964.83333333333,1.92109068862622,-0.988121609008617,-1.23413855675805
1964.91666666667,-0.029319013838782,1.04616197496207,-2.51840659638456
1965,-1.49998425843417,-1.3272669166868,-2.06283950527638
1965.08333333333,-1.82074155681066,1.66266166673368,-0.977738634731551
1965.16666666667,-0.68638956317735,-1.51906615385151,0.223987092502043
1965.25,-0.171476982282064,2.00510346848552,3.19106485512195
1965.33333333333,0.715580943313463,-1.6250762261625,2.46747726617313
1965.41666666667,0.803677350804615,2.40770162017643,2.1673997277976
1965.5,0.958250505994395,-4.9947242520027,1.07833716777106
1965.58333333333,2.41130222502537,3.36261649246658,-0.616091365768993
1965.66666666667,1.61335990210601,-0.892099220747251,-0.43560342881965
1965.75,-0.882088020522717,1.69864387944476,-1.4689796697668
1965.83333333333,-0.481907759859957,-1.124722986022,-0.63263929486679
1965.91666666667,0.630392597576044,0.10787280703345,0.855698466914863
1966,1.02107694010485,-1.77520494218574,1.03186157719407
1966.08333333333,1.30900038672708,2.30627175822857,2.13207356253871
1966.16666666667,1.60055712238904,-2.91606515496334,0.390404027038021
1966.25,1.14578135287122,2.73353429901563,-1.36876746494486
1966.33333333333,-0.254734308217103,-1.0606524825136,-0.962113548872869
1966.41666666667,-1.09000325076119,-0.242971525533987,0.38462116682954
1966.5,0.375390984778916,1.18757275686657,0.64015274439725
1966.58333333333,1.38552115453867,-1.14417756680833,0.920139041124829
1966.66666666667,1.30614533827194,2.75187092196346,0.0962159834350446
1966.75,0.681055767573858,-4.01457315302449,-1.75384588717652
1966.83333333333,-0.276608469504856,3.60978931869468,-2.27564755679676
1966.91666666667,-2.6875606364529,-1.78434465458607,-0.162190547834665
1967,0.0578467760583704,-0.725727222575893,1.87442301390029
1967.08333333333,0.786521761849423,1.21836445817147,3.15017025263158
1967.16666666667,0.922275318716292,-1.3188530948724,3.88095903842769
1967.25,0.557582967578989,0.673831754980945,3.35675272551933
1967.33333333333,-0.497470851083662,-2.30772269438209,1.92574937115879
1967.41666666667,-0.864428821281319,2.07308514150704,0.150744025432328
1967.5,-0.489282918653665,-0.836638163252767,-1.43256724130771
1967.58333333333,0.976329343306545,1.23687493166631,-1.35470976882235
1967.66666666667,0.744361586729644,-1.59429057203373,0.0153306559696716
1967.75,-0.558023543283807,0.676956946470347,0.271999813059875
1967.83333333333,0.114089514492524,-0.26109915464886,-0.750384567466534
1967.91666666667,1.80458867724957,0.516708261376792,-2.43869450344729
1968,1.80829710001238,1.36948237736273,-4.20588683427757
1968.08333333333,0.202072120742227,-2.32662039087786,-3.74913147394884
1968.16666666667,-0.89460965047451,2.4926335324781,-2.1509748809371
1968.25,0.229617152184216,-2.19783135605878,0.762210497654747
1968.33333333333,2.35667562546424,1.24345696499452,3.31054566500266
1968.41666666667,1.36983954638885,-0.427342962892193,0.903548038566504
1968.5,-0.283228440255627,0.551012232232888,-1.63585831110517
1968.58333333333,-2.8987791332852,-0.362630078728469,-3.44838174504656
1968.66666666667,-1.72280479436144,0.579331837356849,-3.53406409092729
1968.75,-1.046492696148,-1.94857985691727,-1.61003983347893
1968.83333333333,-1.78405894776067,1.71060365707282,0.400766447367809
1968.91666666667,-0.73544358505609,-2.07983589722361,3.43135582311749
1969,1.53187569455755,2.33243464775402,2.0918777646265
1969.08333333333,2.6008314495394,-2.29349150807796,1.54202156801787
1969.16666666667,2.31690811056629,2.75451284644358,2.74074809014935
1969.25,1.36367647587665,-2.28186908210084,1.85944721792395
1969.33333333333,-1.28541232248535,-1.04962642530838,1.45632289462139
1969.41666666667,-2.95737925662496,2.20588592463169,-0.600114834040592
1969.5,-2.0081218722482,-1.17406549683039,-3.56060472195028
1969.58333333333,0.185654213344171,0.507610957222678,-5.53506906058996
1969.66666666667,0.463614646027706,-0.546978400555771,-4.74892871734001
1969.75,0.892632983996758,1.94864758013313,-4.42268157716198
1969.83333333333,-0.114033369590609,-0.424931976757107,-0.802159753791844
1969.91666666667,-0.767641670400577,-0.953417354931852,3.00379597880097
1970,0.201343935850008,2.42351519135829,4.21165223564041
1970.08333333333,0.653361360953484,-2.21794064583453,4.45934477763036
1970.16666666667,0.138078270204893,0.247525451609768,2.37857714488089
1970.25,-1.81250412332621,-1.48590109118068,0.506728994015698
1970.33333333333,-2.2419290922537,0.601753473835952,-0.655162941541287
1970.41666666667,-0.334873489776607,2.0904035108225,-0.683342588569116
1970.5,-0.933706296503748,-1.99791010380181,-2.62326680563644
1970.58333333333,0.235005449836506,3.07404364782054,-2.66236506110054
1970.66666666667,1.07729574574278,-2.82140494873137,-2.78381612758599
1970.75,0.443263611304047,1.16904196051054,-1.61328287076865
1970.83333333333,0.0301128418487381,0.6657763428855,-0.551799514291692
1970.91666666667,-0.280363985543284,-2.82047529201896,1.28311196963539
1971,-1.01638657693957,0.947535590506294,1.43517857986984
1971.08333333333,0.0415455214056174,-0.576704006233515,0.622616997485032
1971.16666666667,-0.0145126367852518,0.124473438129967,0.434071627364942
1971.25,0.478159307533229,1.12644355391026,-2.545387251141
1971.33333333333,-0.913660587393906,-2.13345475158624,-2.25233270110362
1971.41666666667,-0.752875456987106,2.38965809070118,-0.921945174780278
1971.5,-1.90435242116734,-2.31160093276147,-0.681491209039996
1971.58333333333,-1.87306445141278,1.92627140600713,-0.31680914347353
1971.66666666667,-1.14111436496384,-0.400556624148693,-0.479886962760055
1971.75,-0.526727065123267,0.475830156292626,-1.41054684253106
1971.83333333333,0.961012584857839,0.337094647313181,-2.23316099625008
1971.91666666667,1.66873207052476,-1.74194401523293,-1.71297142922451
1972,1.17571508282005,-0.197914994278909,-0.131951968931029
1972.08333333333,1.58229781492424,0.0595886069997427,-0.672310615441536
1972.16666666667,-0.427312366110998,1.42145873016093,-0.058107602238814
1972.25,-0.581361510530967,-1.41546731434419,-0.942771636913355
1972.33333333333,-0.918318589520837,3.52835184384097,-1.78988305582395
1972.41666666667,-1.7713536687741,-3.49603063601577,0.546294623922255
1972.5,0.278463502199703,3.06249891477545,-0.308278589358866
1972.58333333333,1.83052142698988,-2.5585865921428,-0.824776355190157
1972.66666666667,1.9973496039993,0.324870010352725,-0.729611186286773
1972.75,0.407119295936412,0.926076881170341,-0.0409211394776555
1972.83333333333,-0.313488730457705,-4.85882473679948,-0.971089172938506
1972.91666666667,-0.386964368308718,8.54749459116875,-2.65224404501842
1973,-2.1447050780814,-7.715908713494,-2.40711762378646
1973.08333333333,-2.55082732143229,4.66667087799264,-3.27839142145481
1973.16666666667,-1.16289713610361,-2.97518371108836,-0.537145828642849
1973.25,-0.638135434533118,2.75544438988694,1.6992765786592
1973.33333333333,-2.00439409859027,-4.17167111779716,2.53355987149547
1973.41666666667,-2.14803098524436,3.84675549299859,1.67836226204208
1973.5,-0.651033576207398,-3.4750600221327,0.225438722867653
1973.58333333333,0.0590600830899504,2.30764408284737,-2.04448265112003
1973.66666666667,0.275164636401809,-0.861087902515033,-3.05743039830754
1973.75,1.47179819307416,-0.240250182282069,-2.96889269115969
1973.83333333333,1.29034333571246,1.04943654822439,-3.2443806353989
1973.91666666667,0.791791530089785,0.785048786466463,0.0885615694426155
1974,-0.385535111200331,-1.39980743748359,3.63859568626921
1974.08333333333,-0.497341444194191,0.263473908126268,4.23978187819604
1974.16666666667,0.227183847748988,-0.0674129020207141,3.96366415367022
1974.25,0.510274734658412,1.02089908351112,3.58368548629657
1974.33333333333,-0.0260553645127562,-0.718882979819936,1.43169070499671
1974.41666666667,0.543180955544039,0.750541100917422,0.799668376836641
1974.5,-1.90688269702123,-2.80306981580285,0.0288625737222549
1974.58333333333,-2.41853269973029,1.31686587031285,0.773714650252281
1974.66666666667,-1.18504762986617,0.205405816309064,1.51585283358166
1974.75,1.18306319957806,1.82177172085771,1.58329300474664
1974.83333333333,1.64795467475373,-1.40894217648449,0.826168250478852
1974.91666666667,-0.928198371049369,-1.15423373664273,0.542902985503689
1975,-2.32567416020837,1.69265158455502,-0.751982677456012
1975.08333333333,0.432903513122592,-0.568684541037391,-2.16438137800316
1975.16666666667,1.99138545060981,0.0450312134500922,-2.0020138788402
1975.25,1.71162071620432,-0.730520711646119,0.102834999726094
1975.33333333333,-0.0336459525139827,1.88948842978835,2.83324569751875
1975.41666666667,-1.68926931987455,-2.47580098064562,3.51354798686525
1975.5,-0.889393621080578,1.69431766492974,4.19356698996572
1975.58333333333,-0.453203828263691,0.774258566021761,2.75856943627775
1975.66666666667,-1.55584291507714,-2.69323722218968,0.785248633204226
1975.75,-1.34570853547879,3.35403910537653,-0.437731845203563
1975.83333333333,-0.25805783862339,-3.53385205547049,-1.05060819564137
1975.91666666667,-0.18440926785641,3.0545046664151,-2.35599242340313
1976,-0.796591670026385,-1.69364668196259,0.402313879795865
1976.08333333333,-0.199416084340368,-0.44335496555586,1.26163236361428
1976.16666666667,0.154759493316325,0.45301636002409,1.08935912424973
1976.25,-0.782433723503352,1.61261052130593,1.65711382555219
1976.33333333333,-2.28453101951399,-1.93316732119954,1.28398007249198
1976.41666666667,-4.57475963633252,-0.347865430400768,-0.0863302516669693
1976.5,-1.9194837785477,0.468306147895532,-1.98098256324757
1976.58333333333,-0.590702636611052,0.907113185586365,-3.11773512262699
1976.66666666667,0.93621589106014,-0.35920186806867,-1.60616452467981
1976.75,2.20899753972108,0.329132274391857,1.23322643957574
1976.83333333333,2.64096853752227,-0.900147646295578,3.23762544585027
1976.91666666667,1.62586294236596,-0.596153415772293,3.41950385133871
1977,1.75071204048337,1.69209280112578,4.38672584823661
1977.08333333333,-0.249899572678053,-0.258341309767269,3.31012312532922
1977.16666666667,-0.125976624368683,-0.192969216426142,-0.891367736330379
1977.25,1.30411217464975,-0.321677270713093,-4.22775384265642
1977.33333333333,0.508249540875033,0.859765066023474,-6.98963050081382
1977.41666666667,1.12862189957554,-1.48224780034026,-6.16641017079284
1977.5,2.32521393452716,1.67579231076014,-4.35228703102341
1977.58333333333,0.234193776714002,-2.26274141049688,-0.534350327217337
1977.66666666667,-2.39696730795981,2.54938531228779,3.12096970356048
1977.75,-1.89169678651894,-1.86291569954443,5.08820049476417
1977.83333333333,0.043244977261637,-1.41698382276059,5.63238157915987
1977.91666666667,0.251431351431151,3.06589886979587,5.21122543935089
1978,0.696750330755621,-2.22271125119529,5.76106634538792
1978.08333333333,-0.119190398046908,1.73091258171932,1.61013410972153
1978.16666666667,-1.5393774063738,-0.806224671628836,-1.66181293647858
1978.25,-2.41687317593893,0.760103781893948,-4.06318655117402
1978.33333333333,-1.00509611923143,-0.475906068773465,-5.86647620332618
1978.41666666667,0.680353197032711,-2.14949850949289,-4.07470985077512
1978.5,0.257959974046899,2.81255193334979,-0.171213431574592
1978.58333333333,-1.15166738228608,-0.546299977153367,1.68178571755225
1978.66666666667,-0.982651112459892,-0.103160195338317,2.65160627062975
1978.75,0.227429978978418,-0.914944858708467,2.01426484807228
1978.83333333333,0.954283835530201,1.97595874863185,-0.51542632017212
1978.91666666667,0.366221539716854,-3.72009623058908,-1.12572704406965
1979,0.561128600823367,4.9155114476935,-1.61096382195678
1979.08333333333,0.836266399631572,-3.45029983353592,-2.03650495084178
1979.16666666667,1.90128080365399,1.27509718387898,-0.00817678631976798
1979.25,1.44809019771172,-0.629630894265672,0.79233827483902
1979.33333333333,-0.058289528396226,-0.637236817630582,1.16780371685805
1979.41666666667,-0.333147355802196,3.23668961974204,1.9632511407305
1979.5,-0.340702240405349,-3.64676943673666,2.05630976711665
1979.58333333333,-0.774391294363911,1.75288015670947,0.572063283258617
1979.66666666667,0.545456049244991,0.356293647727542,1.60305067599134
1979.75,0.748008116344643,-0.539687031488831,2.4050271891175
1979.83333333333,0.811723855459585,0.291489790099618,1.35976920658078
1979.91666666667,-0.863711234718039,-0.0932348993486541,1.264883926895
1980,-2.33246936289424,-1.52171137613188,1.84799079538039
1980.08333333333,-3.11931439746883,3.72934668663363,0.880632467563086
1980.16666666667,-1.14401153496268,-4.75613676435552,-1.03368882547483
1980.25,0.285192050425261,3.17700771173037,-1.78820651375135
1980.33333333333,1.16755968743538,-1.46157138854543,-2.38688767584934
1980.41666666667,0.36667085064772,-0.445048985731649,-2.41528946516195
1980.5,-2.92504754803053,0.655056536510541,-2.05651445099335
1980.58333333333,-2.31818730255348,1.05739702876127,-0.0518494561318636
1980.66666666667,-0.278875481315331,-2.41365773913242,1.5998960737801
1980.75,0.368586854743727,1.78451860295346,3.67731913186655
1980.83333333333,1.9907328102967,1.55167066603598,6.2163277683121
1980.91666666667,1.47742932066401,-3.02386586322435,4.54366798374672
1981,-2.05843546618953,2.9512545005314,3.77570318952505
1981.08333333333,-3.42966971614473,-2.2485859892888,2.52339129871309
1981.16666666667,-2.84133531863862,0.910145109958191,-0.989216906894465
1981.25,-0.858168840649076,-0.653428523414955,-2.66707685090863
1981.33333333333,1.92697031845623,0.812122408531235,-3.94511244266292
1981.41666666667,0.418020891312665,-0.0463784490746619,-4.81359271212411
1981.5,0.192765984118956,-0.0300536897340134,-2.52894143055584
1981.58333333333,-1.10845857169903,-1.26750988859806,-0.640597752189131
1981.66666666667,-1.84953646280359,2.22928620331624,2.12925062469151
1981.75,-1.40180654887235,-1.19982738876059,3.46642365968678
1981.83333333333,0.116538037839345,0.953525133135019,3.56654372349991
1981.91666666667,-0.18034206198757,-1.26466132383422,2.61386063936941
1982,0.622428644139567,0.0174845719129831,-0.584184414248005
1982.08333333333,0.0244278324571373,1.84170297051222,-3.99142447253831
1982.16666666667,0.927573015571677,-3.0308066628595,-5.13258942192801
1982.25,1.95809795422697,2.1383406081832,-4.68405335109589
1982.33333333333,1.03345994512166,-0.125563792915311,-2.29665027464494
1982.41666666667,-0.398081593329551,0.402272814397988,0.289620993022283
1982.5,-0.118046897935509,-1.22789813969453,1.39380742611961
1982.58333333333,-0.0789424653855301,1.53360202400603,1.41418563606757
1982.66666666667,-0.683662335881636,-0.381368291720851,0.728512033720772
1982.75,-0.0982260165064102,-2.5678299550206,0.926847871916967
1982.83333333333,-0.73416439508244,3.25746419213699,0.656533100527669
1982.91666666667,-1.24082254233594,-1.80063019737157,2.91967768090516
1983,-0.0609186888832197,2.31260780145719,2.81188772253832
1983.08333333333,0.71732637671273,-2.81136747670819,1.9901107806658
1983.16666666667,0.353184593954932,2.16805168444308,1.18003380440784
1983.25,0.877675779854732,-3.65474077374142,-1.49352144804833
1983.33333333333,2.22812923228454,3.64693212784989,-2.74500280477367
1983.41666666667,1.71612715063674,-1.46620419646121,-3.87758142832663
1983.5,-0.68645732792108,-0.154830538575284,-5.21793217892349
1983.58333333333,-1.60017448903833,-0.121917544977567,-2.94936489771435
1983.66666666667,-0.437209344232125,0.376633170713559,-1.16434579110342
1983.75,0.26783692207397,-1.03093832228998,1.34189877550057
1983.83333333333,0.699829388557727,1.84651320882116,3.29178101979439
1983.91666666667,1.51080811437284,-0.817194673557832,3.57858824675853
1984,1.05797636402735,1.57179154905296,1.22907720139912
1984.08333333333,1.07905167502606,-3.67593577373187,-2.49621010210929
1984.16666666667,-0.645154465935422,2.16260329069472,-6.58236581142579
1984.25,-0.589551858752144,1.08123067700883,-7.30632572626833
1984.33333333333,-1.2717210426025,-0.399861231508923,-5.24577843389428
1984.41666666667,-0.662380852164856,-2.3998569768783,-2.2241398667754
1984.5,-0.810057790124517,2.52954390202532,3.43413666892787
1984.58333333333,0.183711074894671,-0.871656303423591,5.81888924801636
1984.66666666667,-0.08241309340138,-0.569671651710635,5.70203492042035
1984.75,-0.641994751037752,0.456138991768229,4.17092028301257
1984.83333333333,-3.03088899149161,0.159486513018235,0.581785593871472
1984.91666666667,-2.16879500046808,0.150393543129365,-2.0383540878024
1985,0.68603252179202,-0.672151400982617,-4.59912031208967
1985.08333333333,2.65963881062064,0.583705396221021,-4.20716308767503
1985.16666666667,2.48149120419162,0.34737056736286,-1.84754867625596
1985.25,0.248343831730595,-0.0178696186269978,0.303710789738428
1985.33333333333,-2.82747904690204,-0.751585928160251,2.02241463445287
1985.41666666667,-2.04158585898,2.24241742566595,2.54480642617652
1985.5,0.721449289365643,-2.48373472143548,0.781376704251654
1985.58333333333,1.60072405222495,1.19529107524526,-1.64251556411539
1985.66666666667,2.13860437215949,-0.22077985782248,-2.41348249129142
1985.75,-0.129406094986946,0.163244963261854,-0.83097676800195
1985.83333333333,-1.31363972823895,1.65299253378563,1.4692031792307
1985.91666666667,-0.177529682534103,-2.75139502080583,3.19138563986736
1986,1.72840600331455,1.91250450879088,3.17861561403835
1986.08333333333,-0.0584330221558253,-0.602460240908518,3.16651089291837
1986.16666666667,-0.173050394411772,0.0622396966210579,1.29634659881296
1986.25,-1.56541769046745,-0.932838033158057,-1.07365595760763
1986.33333333333,-0.370862076645405,0.780788283384506,-2.20027905537624
1986.41666666667,-0.14350035968017,0.570102356163422,-2.98628929143488
1986.5,0.557942312819598,-0.74853553752338,-2.69995029100237
1986.58333333333,0.868835225500195,-0.489160036110351,-1.01686088645065
1986.66666666667,-0.118128746535427,0.256889370846562,0.541790552325912
1986.75,-2.43987475591646,-1.95769108532388,3.20877786680225
1986.83333333333,-3.64250847873025,3.47902911603598,3.33812013881281
1986.91666666667,-2.34761571900885,-2.50375288683578,2.05970940490005
1987,1.59113119376837,0.978606160399491,2.05673898196485
1987.08333333333,4.37428001525242,-0.628772550534216,0.978030489932664
1987.16666666667,1.72053406519554,1.59737210445575,0.788433084834889
1987.25,-1.01895357804031,-1.51338713889451,1.50463782849793
1987.33333333333,-0.292653105433803,0.363849050696102,1.62692346761417
1987.41666666667,2.3494643036331,0.732875980354988,0.929275633230781
1987.5,2.17756028057427,-1.18917597708008,1.89266937711813
1987.58333333333,2.08788904705282,0.622853783884325,1.82779893434575
1987.66666666667,0.663056812294187,-0.0572242117983763,0.268783393492623
1987.75,1.090444587461,0.54588700137559,-1.91334987893009
1987.83333333333,-0.796028383237763,0.237264790659178,-2.75636901843157
1987.91666666667,-2.40754786151124,-0.780473427259683,-4.04101334255102
1988,-4.12443927434307,0.201426743277356,-3.80214292680071
1988.08333333333,-3.92535096851053,0.987930431769376,-2.71839678841804
1988.16666666667,-0.467115769293791,-0.396564386556201,-1.90446166985312
1988.25,2.14468097095192,-0.499061728204056,-1.66121109918663
1988.33333333333,2.25912375189128,-1.61140466459635,-0.164390956122684
1988.41666666667,1.09180322113403,2.39963308021856,1.10473409862096
1988.5,-0.922833239644071,-0.863356126748543,-0.767831106415862
1988.58333333333,-0.0941830645809134,-0.748602765966192,-0.761983944197517
1988.66666666667,1.06705744764152,0.898359893063947,-0.823646532058749
1988.75,0.871912911690485,-1.45198370198164,-1.20951601347358
1988.83333333333,0.324563239173893,2.18504792435358,0.525485453280208
1988.91666666667,-0.355876603217047,-2.21841240675275,-0.348849010180929
1989,-1.48279222684114,2.11727447348872,-0.738032417232099
1989.08333333333,-0.985846729664264,-0.654826842798316,-0.31739470367596
1989.16666666667,0.862624430415594,-1.96731766598958,0.340588280061579
1989.25,0.563123680014547,1.60555055326935,-0.751666775091173
1989.33333333333,1.06272138377497,-0.149969858455584,-0.763473647517705
1989.41666666667,-0.0160541167750834,0.63303691672698,-0.191318036507669
1989.5,-0.698270681208791,-0.987465632179266,0.518999453048529
1989.58333333333,-0.907627759383707,0.820334901164217,0.917750721874264
1989.66666666667,-2.12917010342643,0.27203188859412,-0.932434685748969
1989.75,-0.598967667684965,-1.9257119418305,-0.667743250935228
1989.83333333333,0.785639832483812,3.13591452079696,1.15699812654705
1989.91666666667,-0.122773126552766,-2.0460297742708,1.31781422187395
1990,-1.22466239823221,-1.56022639172532,0.410409390934248
1990.08333333333,-1.75062153602105,3.65827936048237,0.0234979251305618
1990.16666666667,-0.410568390941173,-3.62346161953745,-1.85549133645059
1990.25,-1.58068709553801,3.47309960053046,-5.0697370667027
1990.33333333333,-1.94063620199518,-1.33404808542772,-4.8998691124753
1990.41666666667,-0.31847212721119,-0.065694115310256,-3.89781788862117
1990.5,0.657328567060927,0.30950631321148,-1.01881200361592
1990.58333333333,-0.129299275878805,0.439662538812146,1.69129241886041
1990.66666666667,-0.392887990130914,-0.5603624088336,3.8583441378948
1990.75,-0.804116884024103,-0.979526251802159,4.96971883125378
1990.83333333333,-2.41834951190706,1.56195726666585,4.20302058133714
1990.91666666667,-2.02368257981204,-0.377673301207855,1.29109516947409
1991,-1.03802456416655,0.23053731467371,0.13562288936571
1991.08333333333,-0.576004925237763,0.395609549246044,-2.58518499096597
1991.16666666667,-1.35899952696606,-0.774622597339935,-2.30335649009793
1991.25,-0.30070201866628,-0.0915218807812067,-0.823769861362671
1991.33333333333,1.41423248865836,0.893331005270189,2.25836985714449
1991.41666666667,2.36675609495803,0.506409030313881,4.99511677841391
1991.5,1.78218247027215,-1.65565245302755,5.4742396601831
1991.58333333333,0.0583079419775427,1.66506060205895,6.80128255399037
1991.66666666667,-0.484664317430683,-2.27888694145414,4.5129471432311
1991.75,-0.111990712440061,0.757515896742466,0.404161294306215
1991.83333333333,-1.74198217721864,-0.232542402465272,-4.84384028411902
1991.91666666667,-1.00620513152449,1.86266403855481,-7.36018582160714
1992,0.718329772778326,-3.11188390715681,-6.91144604362125
1992.08333333333,0.525686867838554,1.59351836567306,-4.17755525010303
1992.16666666667,0.620520165619352,0.192748067033956,-1.48548014724284
1992.25,1.2521872750675,-0.907896674337135,1.7145040193461
1992.33333333333,0.669989819677245,-0.157536933518209,5.33729557613589
1992.41666666667,-0.612456046540487,-0.208997847131654,5.93827096741903
1992.5,-0.334172681137862,0.718143570643616,5.08542281008467
1992.58333333333,1.6239372158841,-0.133366988623543,1.1449817098141
1992.66666666667,0.723804989124485,0.945239768613836,-2.77717443203597
1992.75,0.276589016199016,1.22959518699097,-3.55608416838242
1992.83333333333,-0.891400394625147,-3.91239963141351,-5.27150920860999
1992.91666666667,-0.840024459185574,3.60196258558223,-2.22257541010018
1993,-0.184169933875474,-2.1287027955454,0.126885779204147
1993.08333333333,1.67573916994287,0.632908493306682,1.67987464916694
1993.16666666667,0.792688411535382,1.28448162041497,3.21820516701287
1993.25,-1.17081108523835,-1.66047278675735,0.883826215817625
1993.33333333333,-0.947033842779624,1.64904422013672,-1.32858970046452
1993.41666666667,-0.251143047126671,-2.65596492808852,-0.81772658788684
1993.5,0.815356737896224,3.79372487734162,-0.885038078733155
1993.58333333333,1.91257447183403,-3.60612259034861,0.689304638718227
1993.66666666667,-0.496363994969933,1.23019266388297,3.09185056461237
1993.75,-0.58558715382429,-0.730753181593606,2.91153204681602
1993.83333333333,-1.32750023442863,0.713585876537134,2.73376624375204
1993.91666666667,-1.95170396162288,0.911902574975507,1.1472318700449
1994,-2.11790414694873,0.121506326273482,-0.9765112831016
1994.08333333333,0.0926911189462946,-0.203712731802945,-1.91631753760288
1994.16666666667,0.85122460354058,-0.68824307978394,-2.61622648090827
1994.25,2.3647574869102,1.57747306231242,-1.79235286722092
1994.33333333333,3.25644058653461,-1.36339420555778,-0.234929648344605
1994.41666666667,2.00220134671591,0.412567866420217,0.203199558729677
1994.5,0.828632851512232,1.26845947589923,1.53878577202598
1994.58333333333,-0.925323977671571,-4.01500069770397,1.81116539876422
1994.66666666667,-1.78699486237429,3.95449364588363,0.549555590638286
1994.75,-0.994377412708997,-2.49788694474182,-1.84581792789163
1994.83333333333,-2.13381086695228,0.759943254189687,-4.05663545632095
1994.91666666667,-0.0685860540894785,0.240757143961843,-3.93639430844759
1995,-0.0261348573015074,0.612499160582822,-3.17882987852189
1995.08333333333,-1.2728925686642,-2.42101820589934,-2.09048228657932
1995.16666666667,-0.116922698171912,2.76299306610401,-1.79683384258856
1995.25,-1.05058458772871,-1.65242724046757,-1.46812405576585
1995.33333333333,0.548106579270901,-0.746787874452279,-0.813869171024664
1995.41666666667,0.309185387269505,2.83917703012549,1.49426121012307
1995.5,-1.01955296639449,-4.35801812301685,2.67418022208578
1995.58333333333,-0.93405618282251,3.39878267070481,1.7148233407735
1995.66666666667,-0.172026174341101,-1.77585638016565,0.591133460926361
1995.75,-1.03690284013971,0.688578965695933,-1.73084617529995
1995.83333333333,1.16134068796265,-0.971711364801409,-3.58458611001293
1995.91666666667,1.08335409677734,-0.335484499762283,-3.76368797433387
1996,-0.337883675867291,2.47158565381357,-3.04728521863652
1996.08333333333,-0.306634874761166,-0.973420725067917,-0.58636812240411
1996.16666666667,1.33996985306747,-1.57694026699447,0.589910879383338
1996.25,0.783878647340724,1.71142733012503,1.74280027938938
1996.33333333333,0.555702672675387,-2.20082079896573,4.31809882604389
1996.41666666667,1.27532165037534,1.44771729304126,5.75005268923245
1996.5,0.867859682649793,-0.967605565826088,3.59840818259783
1996.58333333333,0.51720197206383,0.146378781381437,0.457776685817051
1996.66666666667,-1.02046877062455,2.18171608279456,-2.01989830364012
1996.75,-2.07902922115075,-2.46788323284077,-3.57029475955681
1996.83333333333,-2.62000486116257,2.67460139113088,-4.44005298328822
1996.91666666667,-2.90871077592273,-3.71978001478943,-4.80201577470736
1997,-0.338141117883093,2.74323328541249,-2.79190399511277
1997.08333333333,1.99089485211314,-0.885850929039751,1.11742512047196
1997.16666666667,1.32057682075704,0.574867439428963,3.90973986272378
1997.25,0.241834235959232,-0.870835713015031,2.74887603650635
1997.33333333333,-0.99620898292454,1.75706116916877,0.53188979613477
1997.41666666667,-2.25362577682167,-2.32299365969574,-2.24987790776118
1997.5,-2.38598815330548,0.113205748677657,-4.48955563550864
1997.58333333333,-1.3860054418419,1.03847533107522,-5.36487684822054
1997.66666666667,-0.340308403590363,0.754343323802633,-4.59956546736497
1997.75,0.728237153825015,-1.57429367504804,-2.12233873853703
1997.83333333333,1.74411573137874,0.36340394244263,1.70864012841337
1997.91666666667,0.609404552643407,0.533329323709626,4.28500080791472
1998,1.38536393780221,-1.65274833843439,3.73216209107125
1998.08333333333,0.0173338180024131,2.95537810532659,1.53496345088837
1998.16666666667,0.402821372907445,-1.47327104713612,-0.344436130163642
1998.25,-0.39425290563893,1.15127843049664,-1.02864187460947
1998.33333333333,0.330099970792204,-3.32201775486187,-1.47159897133049
1998.41666666667,-0.266489544147502,1.68682883257787,-4.05846314398827
1998.5,-1.69330257638762,0.897034660997572,-2.36009960555183
1998.58333333333,-2.18186398651242,0.0680478840811319,1.35729996425253
1998.66666666667,0.522206837347291,0.291008769771597,3.8013104498599
1998.75,1.57791084895836,-2.21991472754027,4.93432972784489
1998.83333333333,0.581693397926066,3.57619983585214,5.1936374492942
1998.91666666667,1.4300370243191,-2.4807342669798,2.44400159073784
1999,-1.91529852131887,0.852514001466116,-1.8349826308156
1999.08333333333,-3.23861978877036,-0.603115665510013,-4.97959593698636
1999.16666666667,-2.50488921703777,-0.591541601505672,-5.9095354962203
1999.25,-3.44194138215351,2.35513441773248,-3.72825193702303
1999.33333333333,-3.29680390658013,-1.96727353017759,-0.36214305868278
1999.41666666667,-0.49241402991547,0.99055290349835,0.837679506443279
1999.5,-0.0995851780703219,1.96000796145468,2.19607828656839
1999.58333333333,-0.328449365122267,-4.02041394248785,2.57524076910866
1999.66666666667,-2.96616129431148,4.18046148443425,2.20058534731768
1999.75,-2.39441983448868,-4.43431588833345,0.939253305390376
1999.83333333333,-1.63132608159743,3.40597386022274,0.855995963607372
1999.91666666667,-0.0691931689146998,-2.56259751185901,-0.799153112816718
2000,0.128573176580072,3.27400701273115,-1.06178571167438
2000.08333333333,-0.439468451396176,-3.43172220058811,0.739790449031167
2000.16666666667,-0.800962425571505,3.86115974289842,2.45526582792391
2000.25,-0.388781642149248,-2.16235962854798,4.49546000929822
2000.33333333333,0.529246861795592,0.0853842062153747,5.19120908987169
2000.41666666667,1.3214937705121,-0.752631737570361,4.94453757257409
2000.5,1.49600610615677,1.62841283111768,1.89845542261052
2000.58333333333,-1.08810450150201,-2.03211846435359,-1.6406183234269
2000.66666666667,-2.7782285297655,2.49045560598192,-2.89603249624722
2000.75,-1.48468083463459,-0.828174096757072,-3.54529070759891
2000.83333333333,0.889934450142794,-0.925798052624106,-2.63598518280335
2000.91666666667,1.07284440551045,0.163865125388038,-0.89414633755315
2001,-1.00727639241833,0.63716288768015,3.64984949971167
2001.08333333333,-3.90260731371346,-1.80993662753663,6.94189317057044
2001.16666666667,-2.34777483431873,3.20355242973834,6.82984165481153
2001.25,-0.053329375091385,-3.22997579853943,5.73726572994879
2001.33333333333,-0.0946757555561279,0.512423084422755,2.28865359961961
2001.41666666667,0.479282460893963,-0.581827007236711,-0.120549879140829
2001.5,-0.754397503252161,3.4166558114785,-1.52127803440737
2001.58333333333,-2.22480315408502,-4.33518573821127,-2.43148812378772
2001.66666666667,-2.6378444174948,4.40779601697705,-2.82935360914085
2001.75,-0.802910982353614,-3.69064805394985,-2.02029778575826
2001.83333333333,-0.0682119997460677,2.51400240567255,-1.70781045189684
2001.91666666667,-1.566477684571,-0.370890434251845,-2.19655982052664
2002,-0.644142336540993,-2.37553120456054,-1.77431016806894
2002.08333333333,0.69675055349327,3.33489861913303,-0.447476556994663
2002.16666666667,0.74906560137141,-0.710262405295388,0.625403410951775
2002.25,0.624441688496728,0.285979928565811,1.22320373925511
2002.33333333333,-1.48999047382597,-1.26786397813,1.10409942739915
2002.41666666667,-3.01372721679556,-0.295032720997721,0.0997032453862944
2002.5,-1.9814304052345,0.362091779537744,-1.99080858605221
2002.58333333333,0.575008406420737,0.517872830426631,-3.41503500231104
2002.66666666667,2.07702017428404,0.248707177034552,-3.68335093108119
2002.75,1.41333215448674,-1.60086004724716,-3.5545919657135
2002.83333333333,0.341455773422081,0.461448343065718,-1.93850481422905
2002.91666666667,-0.827797178541459,0.515279429984514,0.280471965396056
2003,-1.3063799114094,0.499510761592381,1.65778552054871
2003.08333333333,-0.434409842208203,-0.843837515315527,3.66531303611472
2003.16666666667,0.475967792347455,1.35731135509459,3.21103224571678
2003.25,1.49489187432684,-1.28124510274515,2.06057615452292
2003.33333333333,0.348620946065177,1.68569332123978,-1.49492369675531
2003.41666666667,-0.481734720158418,-1.49684562323836,-3.72596052935215
2003.5,-0.606395417142769,-0.0339509801032563,-3.41677301150547
2003.58333333333,0.230932396681487,-0.231355559168329,-3.00052649958972
2003.66666666667,-0.655741038820459,-0.198559192014094,-0.574353158803826
2003.75,0.64035583281501,0.765089893813921,1.58689348455493
2003.83333333333,0.103540869421844,-0.865843462976431,3.33006931484258
2003.91666666667,-1.28769447578313,0.710949926364568,1.53573802346277
2004,-3.49809870959793,1.36656605611175,0.719584077311533
2004.08333333333,-3.29898624423029,-1.47928526440877,-0.719112949906913
2004.16666666667,-1.60520571917577,-1.5233375473523,-0.700868136170512
2004.25,0.225932132872789,3.40294748837899,-0.580382307588143
2004.33333333333,1.83530691327379,-2.51547995586174,-1.92536534540993
2004.41666666667,1.07660669867933,2.1667826413084,-1.46447593537403
2004.5,-0.366604037622755,-2.21860842404394,0.226341718436071
2004.58333333333,-0.775382349580245,1.14479117531205,3.17420600573616
2004.66666666667,-0.704997512816715,-1.42136989102182,3.65191500550083
2004.75,1.30999072203513,2.44374009310683,3.79367232712984
2004.83333333333,2.52676598672823,-1.88059314691094,2.46749000489931
2004.91666666667,3.46268629405017,0.0222223704184146,-0.941364973410336
2005,2.76877055454735,1.10020027192477,-3.84078676640276
2005.08333333333,1.38486417661574,-1.52908846511691,-4.94142922565727
2005.16666666667,1.59526348539387,-0.991713109783056,-6.08109260339293
2005.25,0.563547699654708,4.14125626783337,-5.80700327709407
2005.33333333333,-0.751905595191942,-2.88293546416558,-2.04070858605023
2005.41666666667,-0.23595538460377,2.03366647676562,1.07071511222315
2005.5,-1.17362693245652,-1.77762785753121,3.05272607093826
2005.58333333333,-0.557235109349059,2.35052331682016,3.62051601874057
2005.66666666667,1.95827058333255,-1.58360833361164,1.5157048171737
2005.75,2.31460722615576,1.46132551234593,-1.29665740530731
2005.83333333333,0.848444416687346,-1.31711578522934,-3.12873294689818
2005.91666666667,-1.94823344200096,1.79748245961927,-5.7280195763265
2006,-2.63332267091795,-2.22233592746888,-5.22892866499026
2006.08333333333,-2.07479232489323,0.553026724673968,-1.87071937698557
2006.16666666667,-0.425787958494446,0.951828838775148,-0.162315244159439
2006.25,0.916863137939408,-2.28372579171331,3.53799979015442
2006.33333333333,1.77022388994739,3.69103378965171,3.89715912554378
2006.41666666667,-0.501624369308165,-3.18139247669462,4.06731031505981
2006.5,0.0908892298606508,2.27911368778929,3.33226740719899
2006.58333333333,0.446330643909991,-1.84335418206274,1.55166066959372
2006.66666666667,0.785728911393057,2.70154581046171,-2.08223012124715
2006.75,0.318162945299154,-5.02168251380509,-5.62400287372073
2006.83333333333,0.108926701235462,4.23527340566563,-8.94773471973141
2006.91666666667,-1.28573539860059,-0.664738100760316,-8.03119178455462
2007,-1.72120376348499,-1.0284728323681,-5.90031068918989
2007.08333333333,-0.495663146646863,1.48020294005155,-0.827937487548835
2007.16666666667,-1.4503420652436,0.311877894571974,4.70785730628715
2007.25,-1.99036037010685,-1.39689903418225,7.27322993375628
2007.33333333333,-1.79128975305062,0.557776412946798,6.32650618287639
2007.41666666667,-0.6666965768469,1.16192665188228,0.966850221539032
2007.5,0.615479088714083,-2.23009835805701,-2.43174560688257
2007.58333333333,0.753532016510951,1.40703730767856,-5.20246927168487
2007.66666666667,0.444132170421889,-1.02045553171892,-6.15568702850386
2007.75,-0.289345639280178,1.05504299871471,-4.81156213087133
2007.83333333333,0.637665007381449,-1.07130202344881,-2.13224330748094
2007.91666666667,1.14082759601958,0.753870547231057,0.695509482097008
2008,-0.957257894451374,-0.0684705383658987,4.19373469112614
2008.08333333333,-2.71219615655666,-0.288413847842649,6.72929196007999
2008.16666666667,-1.87415217135898,0.736268722533745,6.31811884777872
2008.25,-0.56779100053501,0.357099877315616,4.61882695506306
2008.33333333333,1.31757972167732,-0.719433808052743,2.01003887216581
2008.41666666667,1.45140500028342,0.29856893192227,-2.12340224551823
2008.5,1.46586126309025,0.531288060188275,-4.95790042786919
2008.58333333333,0.294305533596076,0.346112765269464,-5.97832206642831
2008.66666666667,-0.880610208492146,-1.10593248396957,-3.26383392570337
2008.75,-2.64933628384447,-0.192490648195497,1.50025778308952
2008.83333333333,-0.833832605284091,-0.336253212631931,4.84983886619537
2008.91666666667,-0.0198273900654284,-1.33350156682171,6.78891551851319
2009,1.36439394420432,2.93392974239084,4.49575724572378
2009.08333333333,0.53253157006891,-1.96210620331269,0.84870171304721
2009.16666666667,0.292472300745833,0.374280020681244,-3.52219137500963
2009.25,-0.692236282953731,1.22155566740618,-4.95414682664383
2009.33333333333,-1.45748691872138,0.189008191308178,-4.1079865365946
2009.41666666667,-0.208155321788471,-2.07742175346385,-1.34770812382052
2009.5,0.689236153885663,2.25689729693822,1.24967446975332
2009.58333333333,1.23223959463033,-1.15386416017585,1.6427215964732
2009.66666666667,1.05200084538102,0.154978431601683,1.24966322462861
2009.75,-0.0150368039601672,-0.640308236110736,-0.113462133099295
2009.83333333333,-1.11337000163708,0.315267708906903,-0.445110227465744
2009.91666666667,-0.220615163607805,1.1281313256454,-0.61488206004928
2010,0.126886417899934,0.448072903996433,-1.12484542820127
2010.08333333333,1.57625984155146,-3.18815843533873,-2.03594760912219
2010.16666666667,-0.0790069916508527,4.20913505492969,-1.76748969648659
2010.25,-1.01534433144367,-3.27992838311523,-1.15744324624047
2010.33333333333,-1.2804857029704,0.92245553815308,-0.135603904730768
2010.41666666667,0.819234358093474,0.672100096070973,0.050556122836613
2010.5,0.998131449974515,-0.868080076068327,1.14664325064624
2010.58333333333,-0.859315043256501,0.145948867917225,2.52233220988917
2010.66666666667,-0.452590606002526,-0.0257277282133556,3.42644588778101
2010.75,-0.32807526131738,-0.590658755312787,2.756349259635
2010.83333333333,0.282828293561501,0.798193216874083,2.01306367836
2010.91666666667,0.00801662205132517,0.332592502187566,0.306267211598087
2011,-0.522674658323942,-1.85535609182915,-1.52704074039022
2011.08333333333,-0.132739489730688,2.8675796881776,-1.85496174419385
2011.16666666667,-1.34361914664757,-4.3881496509297,-3.27895237263962
2011.25,-2.25875493952461,4.87546018115529,-3.00795970199777
2011.33333333333,-0.142821765639725,-3.83276337947074,-3.25270667592251
2011.41666666667,1.63447772014513,0.326871129719466,-1.8260386304526
2011.5,1.00545508393905,0.825712678059179,-0.286521569234617
2011.58333333333,-1.55861994214067,0.704330455512755,-0.0538373404078031
2011.66666666667,-1.31310668441255,-2.06256974972617,1.24107994892795
2011.75,-0.133812807079221,1.44733090812695,-0.0613814959031002
2011.83333333333,1.75763732248322,0.814743465308568,-1.1349328995649
2011.91666666667,1.59616211805935,-1.39753355662216,0.237552365190886
2012,-0.99688733308891,1.15666744926749,-0.00896311268113292
2012.08333333333,-4.17942737368361,-0.537674321621964,0.497700922600916
2012.16666666667,-1.30932714119751,0.821893658228048,1.94729279781751
2012.25,0.105176584935344,-2.0055454117638,3.26516217704278
2012.33333333333,1.04365755531707,1.76625332439167,2.49385140027281
2012.41666666667,1.44932390098329,0.272287715543243,1.61773476574039
2012.5,0.41663887558071,-1.14970596891157,-0.332918841258471
2012.58333333333,-0.400953336332242,0.819615403717724,-2.17995890663744
2012.66666666667,-0.121658200946431,-1.05955934206527,-3.28366024886489
2012.75,-0.805436006313774,2.47670044781473,-1.03599360601082
2012.83333333333,0.145395246424459,-2.24994886168514,2.19962051398325
2012.91666666667,-0.28424223805798,2.02766828890962,4.12131159670457
2013,-2.26181804093729,-3.64949294372334,4.77011434403852
2013.08333333333,-2.3271282007329,5.84063401819746,1.85507298525092
2013.16666666667,-0.180628991491018,-5.37191547704858,-0.847006955863239
2013.25,1.94979938766256,4.05401880376118,-5.21292511033314
2013.33333333333,1.83829942259849,-4.26608365600919,-5.8966167071664
2013.41666666667,1.26205221908224,1.95382004219679,-2.26253353349864
2013.5,0.00222181968518009,1.80419566515664,0.815473454393193
2013.58333333333,-1.84691793552694,-3.06224509832446,4.49593631848986
2013.66666666667,-0.921547280923841,2.7450796701858,5.56202152728929
2013.75,0.663850336117265,-0.136022005737032,4.26059611788256
2013.83333333333,0.539448123367824,-2.74673453938529,3.06754329049335
2013.91666666667,-0.295312327718062,3.03466989206116,0.329107455854975
2014,-0.975743107450045,-0.916169189912429,-2.72124320817172
2014.08333333333,-1.65981079660411,0.443939054765507,-5.07428295318168
2014.16666666667,0.119138469521222,-1.53180370769802,-4.70806609140888
2014.25,2.1205863255531,0.452035925993267,-3.35828134246142
2014.33333333333,1.5373137578727,-0.38995812236844,-0.456018252206547
2014.41666666667,-0.411386715666215,0.355307871218159,1.74184691865839
2014.5,-0.3660267389555,-0.962040027352706,2.83613195073459
2014.58333333333,-0.343527815588291,1.76066873884036,2.96726814518567
2014.66666666667,-0.086184027417624,-2.48247705126166,0.874846025633838
2014.75,-0.841390745369884,4.99854816500099,0.639776577232591
2014.83333333333,-1.99842115079283,-5.36635970281454,0.600038112562081
2014.91666666667,-1.7241916211954,4.45471579225875,1.03155117322439
2015,-0.712454512161173,-2.97901364121031,1.76984296813717
2015.08333333333,0.919423164528359,0.70968009349663,1.99549291478919
2015.16666666667,2.05720906385842,1.14220718537619,0.270412171974981
2015.25,0.95637248869682,-2.84970091418194,-1.93468073678337
2015.33333333333,0.537831204549064,1.79422256844776,-3.15252749501875
2015.41666666667,1.61501353223029,-0.582716143204593,-4.43081743395105
2015.5,0.656189027849191,-0.490276396719975,-4.18394107974493
2015.58333333333,2.01801267330094,-0.128921653352577,-2.76368937739859
2015.66666666667,1.2096726831686,2.5420351304214,0.111435651049771
2015.75,-1.17275887540113,-1.33225543831122,2.79686392469732
2015.83333333333,-1.04618812775697,-1.55369743264987,4.8655091857267
2015.91666666667,-0.93645443887352,2.00024414894957,3.61866425961244
2016,2.60440359523747,-1.59918270137006,2.21000664947042
2016.08333333333,2.39142579503219,3.59371777662123,0.762607034603432
2016.16666666667,1.79666690859702,-3.70828773797069,-1.49550663839382
2016.25,0.692037434012186,3.52826444086267,-2.49693328320964
2016.33333333333,-0.265359133215135,-3.82415756454598,-2.0858163153044
2016.41666666667,0.171735862354527,2.85137316473471,-2.74509666291089
2016.5,0.523493581536096,-1.87693728063807,-2.30598611969069
2016.58333333333,-1.21585525689904,1.71688971182229,-0.868147110706076
2016.66666666667,-1.78207603461609,0.428701301853703,-0.139630977561237
2016.75,-1.22941928050531,-0.848174330453456,2.56801896852493
2016.83333333333,-0.596249277038521,0.661113683313356,3.21487638598662
2016.91666666667,1.59246552422431,0.403934650814174,3.54962086177754
2017,0.131283731813395,-1.38985091052671,3.23047254231174
2017.08333333333,-0.845611726382269,-0.338389110582991,1.30443059746753
2017.16666666667,0.645913867164519,1.40737792313118,-0.560690669175396
2017.25,2.1474948016461,-0.831784334054724,-0.696790513256736
2017.33333333333,1.97245054021954,-1.80847925446763,-1.68092780453647
2017.41666666667,-0.425552447591942,3.17126938617158,-2.19377697672486
2017.5,-0.921623325037684,-1.11302030868603,-2.86207976529839
2017.58333333333,0.14382402373952,0.306414336225698,-2.2941330552474
2017.66666666667,1.13926693343206,-0.235148862501113,-0.556144635975072
2017.75,1.63393607805613,1.00007778393701,0.873537366814765
2017.83333333333,0.816707574226113,-0.792939452944912,2.9296759579284
2017.91666666667,-2.23920634831842,0.077181953346288,3.64417575418397
2018,-3.97702305012693,0.939272589514431,1.98918892084125
2018.08333333333,-0.253174351091814,-0.682359530571036,-1.51786009210339
2018.16666666667,2.89691679326875,0.324854925878626,-3.28892551361783
2018.25,-0.0902671927392207,1.91573881339419,-4.86656623617759
2018.33333333333,-0.981565320350452,-2.08276314499002,-5.86407227297978
2018.41666666667,0.446269175715904,0.952119642385568,-5.00112430481641
2018.5,-0.277118366599243,-0.347351079379613,-4.02887525575207
2018.58333333333,-0.517773326209647,0.101772792429903,-1.62526221560648
2018.66666666667,0.0508433716025451,1.59790037099329,1.05709041644064
2018.75,0.119719908943135,-1.26369024374476,2.80520017606261
2018.83333333333,2.54836335236546,0.43657506677625,2.78049491465812
