DATE,FFR,Tbill,Tb1yr,r5,r10,PPINSA,Finished,CPI,CPICORE,M1NSA,M2SA,M2NSA,Unemp,IndProd,RGDP,Potent,Deflator,Curr
1960Q1,3.93,3.87,4.57,4.64,4.49,31.67,33.2,29.4,18.92,140.53,896.1,299.4,5.13,23.93,2845.3,2824.2,18.521,31.8
1960Q2,3.7,2.99,3.87,4.3,4.26,31.73,33.4,29.57,19,138.4,903.3,300.03,5.23,23.41,2832,2851.2,18.579,31.9
1960Q3,2.94,2.36,3.07,3.67,3.83,31.63,33.43,29.59,19.07,139.6,919.4,305.5,5.53,23.02,2836.6,2878.7,18.648,32.2
1960Q4,2.3,2.31,2.99,3.75,3.89,31.7,33.67,29.78,19.14,142.67,932.8,312.3,6.27,22.47,2800.2,2906.7,18.7,32.6
1961Q1,2,2.35,2.87,3.64,3.79,31.8,33.63,29.84,19.17,142.23,948.9,317.1,6.8,22.13,2816.9,2934.8,18.743,32.1
1961Q2,1.73,2.3,2.94,3.62,3.79,31.47,33.33,29.83,19.23,141.4,966.4,320.97,7,23,2869.6,2962.9,18.785,32.1
1961Q3,1.68,2.3,3.01,3.9,3.98,31.5,33.33,29.95,19.32,142,982.7,326.5,6.77,23.74,2915.9,2991.3,18.843,32.7
1961Q4,2.4,2.46,3.1,3.84,3.97,31.53,33.37,29.99,19.37,146.63,1000,334.7,6.2,24.57,2975.3,3019.9,18.908,33.4
1962Q1,2.46,2.72,3.21,3.84,4.02,31.7,33.53,30.11,19.44,146.37,1020.7,341.17,5.63,24.94,3028.7,3048.7,19.02,33.1
1962Q2,2.61,2.72,3.02,3.63,3.87,31.53,33.43,30.22,19.51,145.33,1042.3,346.23,5.53,25.18,3062.1,3078,19.047,33.5
1962Q3,2.85,2.84,3.18,3.74,3.99,31.7,33.57,30.31,19.58,144.97,1058.5,351.63,5.57,25.45,3090.4,3107.7,19.092,34.1
1962Q4,2.92,2.81,3,3.6,3.9,31.67,33.57,30.38,19.61,149.23,1079.7,361.27,5.53,25.66,3097.9,3137.7,19.152,34.7
1963Q1,2.97,2.91,3.03,3.64,3.89,31.53,33.37,30.48,19.67,149.53,1103.8,368.97,5.77,26.14,3138.4,3168.4,19.196,34.5
1963Q2,2.96,2.94,3.14,3.76,3.96,31.5,33.4,30.53,19.74,148.87,1127.8,374.63,5.73,26.83,3177.7,3199.4,19.233,35
1963Q3,3.33,3.29,3.53,3.91,4.03,31.63,33.4,30.72,19.82,150.13,1150.7,382.2,5.5,27.01,3237.6,3230.7,19.272,35.9
1963Q4,3.45,3.5,3.73,4.01,4.12,31.63,33.47,30.8,19.91,155.17,1173,392.5,5.57,27.46,3262.2,3262.5,19.418,36.9
1964Q1,3.46,3.53,3.83,4.08,4.18,31.67,33.47,30.93,20,154.97,1192.6,398.67,5.47,27.84,3335.4,3294.5,19.477,36.7
1964Q2,3.49,3.48,3.86,4.07,4.2,31.53,33.5,30.98,20.06,153.93,1213,403,5.2,28.49,3373.7,3326.8,19.529,37.2
1964Q3,3.46,3.5,3.77,4.05,4.19,31.63,33.57,31.05,20.12,156.27,1240.4,412.03,5,28.95,3419.5,3359.6,19.607,38.1
1964Q4,3.58,3.68,3.93,4.07,4.17,31.7,33.6,31.19,20.18,162.07,1265.8,423.7,4.97,29.39,3429,3393,19.703,39.1
1965Q1,3.97,3.89,4.01,4.13,4.2,31.87,33.67,31.29,20.25,161.83,1291.1,431.53,4.9,30.5,3513.3,3427.3,19.801,38.9
1965Q2,4.08,3.87,4.02,4.15,4.21,32.17,34.1,31.49,20.31,160.6,1312.6,436.1,4.67,31.2,3560.9,3462.3,19.887,39.2
1965Q3,4.07,3.87,4.08,4.2,4.25,32.4,34.2,31.58,20.38,162.3,1338.2,444.6,4.37,31.86,3633.2,3498.1,19.96,40.2
1965Q4,4.17,4.17,4.46,4.51,4.47,32.63,34.53,31.75,20.44,169.1,1367.5,457.8,4.1,32.5,3720.8,3534.9,20.088,41.5
1966Q1,4.56,4.61,4.93,4.92,4.77,33.1,34.9,32.05,20.55,170.37,1393.8,465.57,3.87,33.43,3812.2,3572.7,20.218,41.5
1966Q2,4.91,4.59,4.93,4.9,4.78,33.23,35.03,32.34,20.71,170.13,1410.6,468.63,3.83,34.13,3824.9,3612.1,20.391,42
1966Q3,5.41,5.04,5.51,5.39,5.14,33.57,35.37,32.62,20.89,169.53,1418.9,471.67,3.77,34.66,3850,3652.4,20.601,43
1966Q4,5.56,5.21,5.44,5.21,5,33.33,35.47,32.88,21.07,173.8,1433.2,479.57,3.7,34.99,3881.2,3693.2,20.791,43.9
1967Q1,4.82,4.51,4.6,4.66,4.58,33.37,35.33,32.97,21.19,173.7,1456.4,486.03,3.83,34.8,3915.4,3734.4,20.886,43.8
1967Q2,3.99,3.66,4.25,4.76,4.82,33.3,35.47,33.17,21.33,174.2,1491.3,495.7,3.83,34.66,3916.2,3775.4,20.997,44.2
1967Q3,3.89,4.3,5.13,5.31,5.25,33.43,35.77,33.5,21.52,178.07,1531.8,509.67,3.8,34.89,3947.5,3816.4,21.203,45.1
1967Q4,4.17,4.75,5.56,5.7,5.64,33.5,35.93,33.87,21.74,184.7,1564.2,522.97,3.9,35.83,3977.6,3857.3,21.438,46.2
1968Q1,4.79,5.05,5.47,5.63,5.61,33.97,36.2,34.2,21.98,185.23,1591,530.53,3.73,36.34,4059.5,3897.1,21.672,46.2
1968Q2,5.98,5.52,5.94,5.86,5.74,34.17,36.53,34.53,22.23,186.7,1617.2,538.17,3.57,36.83,4128.5,3936.7,21.899,47.1
1968Q3,5.94,5.2,5.51,5.53,5.46,34.3,36.83,35,22.48,190.4,1648.6,548.97,3.53,37.11,4156.7,3976.2,22.115,48.3
1968Q4,5.92,5.59,5.84,5.78,5.77,34.5,37.07,35.43,22.75,198.2,1686.8,563.57,3.4,37.68,4174.7,4015.6,22.426,49.6
1969Q1,6.57,6.09,6.36,6.33,6.18,35,37.27,35.87,23,199.63,1715.6,571.8,3.4,38.41,4240.5,4055.4,22.66,49.6
1969Q2,8.33,6.2,6.57,6.53,6.35,35.5,37.8,36.43,23.28,199.7,1730.7,576.53,3.43,38.58,4252.8,4095.6,22.952,50.2
1969Q3,8.98,7.02,7.65,7.2,6.86,35.77,38.2,36.93,23.55,200.63,1741.7,580.1,3.57,39.04,4279.7,4135.7,23.28,51.4
1969Q4,8.94,7.35,7.9,7.67,7.3,36.1,38.73,37.5,23.82,205.73,1756.7,586.2,3.57,38.8,4259.6,4175.7,23.581,52.7
1970Q1,8.57,7.21,7.55,7.73,7.37,36.63,39.07,38.1,24.08,205.43,1763.2,587.57,4.17,37.86,4252.9,4215.3,23.915,52.5
1970Q2,7.88,6.68,7.45,7.77,7.71,36.83,39.13,38.63,24.36,206.43,1775.1,593.73,4.77,37.65,4260.7,4254.2,24.247,53.6
1970Q3,6.7,6.33,6.94,7.48,7.46,37.03,39.33,39.03,24.63,208.97,1815.2,604.3,5.17,37.51,4298.6,4292.7,24.438,54.9
1970Q4,5.57,5.35,5.65,6.51,6.85,37.1,39.73,39.6,24.97,215.63,1864,620,5.83,36.7,4253,4330.7,24.752,56.1
1971Q1,3.86,3.84,4.05,5.48,6.02,37.6,40.07,39.93,25.29,217.03,1923.8,641.17,5.93,37.41,4370.3,4368,25.126,56.1
1971Q2,4.56,4.25,4.99,6.15,6.25,38.07,40.47,40.3,25.58,221.03,1998.1,668.5,5.9,37.75,4395.1,4404.8,25.455,57.4
1971Q3,5.47,5.01,5.75,6.51,6.48,38.37,40.6,40.7,25.82,224.7,2057.6,685.23,6.03,37.87,4430.2,4441.6,25.711,59
1971Q4,4.75,4.23,4.73,5.8,5.89,38.4,40.87,41,25.97,229.97,2113.3,702.67,5.93,38.74,4442.5,4478.6,25.918,60.1
1972Q1,3.54,3.44,4.41,5.72,6.03,39.07,41.2,41.33,26.22,231.87,2176.9,725.3,5.77,40.39,4521.9,4516.4,26.319,60
1972Q2,4.3,3.77,4.84,5.98,6.14,39.5,41.5,41.6,26.4,235.07,2231.4,746.53,5.7,41.16,4629.1,4554.5,26.475,61.3
1972Q3,4.74,4.22,5.15,6.08,6.29,40.1,42,41.93,26.59,239.9,2306.5,768.4,5.57,41.68,4673.5,4593.4,26.731,62.8
1972Q4,5.14,4.86,5.44,6.15,6.37,40.5,42.33,42.37,26.76,249.33,2383.1,792.3,5.37,43.14,4750.5,4633.2,27.083,64.7
1973Q1,6.54,5.7,6.31,6.58,6.6,42.47,43.63,43.03,26.95,251.2,2439.7,812.67,4.93,44.38,4872,4674.3,27.403,65
1973Q2,7.82,6.6,7.02,6.72,6.81,44.53,45.07,43.93,27.32,253.73,2479.8,829.47,4.93,44.73,4928.4,4717.1,27.828,66.8
1973Q3,10.56,8.32,8.51,7.34,7.21,46.37,46.43,44.8,27.68,256.73,2514.6,838.03,4.8,45.12,4902.1,4761,28.37,68.5
1973Q4,10,7.5,7.41,6.83,6.75,46.73,47.2,45.93,28.07,263.73,2547,847.03,4.77,45.79,4948.8,4805.7,28.932,70.2
1974Q1,9.32,7.62,7.35,7.03,7.05,49.87,49.57,47.3,28.55,264.4,2594,863.73,5.13,45.37,4905.4,4851.5,29.488,70.8
1974Q2,11.25,8.15,8.69,8.07,7.54,51.6,51.1,48.57,29.26,266.7,2625.3,877.97,5.2,45.41,4918,4898.3,30.192,73
1974Q3,12.09,8.19,9.01,8.46,7.96,55.27,53.57,49.93,30.1,269.3,2653.4,884.53,5.63,45.22,4869.4,4945.4,31.085,74.8
1974Q4,9.35,7.36,7.67,7.65,7.67,57.2,56.03,51.47,30.84,276.4,2694,896.43,6.6,43.43,4850.2,4992.2,32.015,77.2
1975Q1,6.3,5.75,6.31,7.27,7.54,57.17,56.63,52.57,31.44,273.77,2745.4,913.7,8.27,40.57,4791.2,5037.8,32.757,77.6
1975Q2,5.42,5.39,6.53,7.74,8.05,57.8,57.47,53.2,31.92,278.13,2846,951.4,8.87,40.02,4827.8,5081.7,33.245,79.5
1975Q3,6.16,6.33,7.52,8.21,8.3,59.03,58.87,54.27,32.4,283.8,2949.7,983.5,8.47,41.02,4909.1,5124.7,33.864,81.9
1975Q4,5.41,5.63,6.68,7.84,8.06,59.67,59.97,55.27,32.93,290.03,3020.9,1006.07,8.3,41.9,4973.3,5167.2,34.463,84
1976Q1,4.83,4.92,5.98,7.47,7.75,59.93,59.97,55.9,33.43,288.73,3116.9,1036.73,7.73,43.18,5086.3,5208.6,34.837,84.6
1976Q2,5.2,5.16,6.28,7.48,7.77,60.87,60.4,56.4,33.83,294.33,3210.5,1072.67,7.57,43.74,5124.6,5249.9,35.208,87.4
1976Q3,5.28,5.15,6.01,7.31,7.73,61.6,60.9,57.3,34.36,298.03,3295.8,1099.1,7.73,44.31,5149.7,5291.5,35.686,89.5
1976Q4,4.87,4.67,5.23,6.46,7.19,62.13,61.9,58.13,34.9,307.7,3415.2,1137.87,7.77,45.12,5187.1,5333.7,36.331,91.9
1977Q1,4.66,4.63,5.42,6.78,7.35,63.47,63.13,59.2,35.48,308.9,3531.3,1174.23,7.5,46.02,5247.3,5377.8,36.943,92.3
1977Q2,5.16,4.84,5.69,6.83,7.37,65.03,64.33,60.23,36.02,315.97,3626.4,1210.63,7.13,47.46,5351.6,5422.7,37.47,95
1977Q3,5.82,5.5,6.28,6.97,7.36,65.13,65.17,61.07,36.62,322.03,3709.9,1237.63,6.9,47.99,5447.3,5468.8,37.927,97.7
1977Q4,6.51,6.11,6.96,7.38,7.6,65.87,66.33,61.97,37.16,333.1,3786.7,1263.03,6.67,48.31,5446.1,5516,38.758,100.8
1978Q1,6.76,6.39,7.31,7.82,8.01,67.47,67.43,63.03,37.75,332.67,3857.4,1282.43,6.33,48.17,5464.7,5564.6,39.326,101.7
1978Q2,7.28,6.48,7.79,8.17,8.32,69.5,69.13,64.47,38.41,342.27,3929.4,1310.4,6,50.08,5679.7,5616.8,40.05,104.4
1978Q3,8.1,7.31,8.45,8.43,8.49,70.6,70.6,65.97,39.07,349.9,4002.6,1335.4,6.03,50.53,5735.4,5669.5,40.716,107.4
1978Q4,9.58,8.57,9.82,8.84,8.82,72.2,72.07,67.5,39.77,360.43,4077.4,1361.4,5.9,51.45,5811.3,5722.1,41.575,111
1979Q1,10.07,9.38,10.3,9.18,9.11,74.83,74.37,69.2,40.31,357.03,4137.2,1376.17,5.87,51.67,5821,5774.1,42.318,111.7
1979Q2,10.18,9.38,9.94,9.11,9.11,77.47,76.2,71.4,41.19,368.47,4235.3,1411.2,5.7,51.58,5826.4,5823.7,43.362,114.6
1979Q3,10.95,9.67,10.15,9.12,9.1,79.9,78.37,73.7,41.95,378.6,4335.5,1446.03,5.87,51.42,5868.3,5870.9,44.301,118.5
1979Q4,13.58,11.84,12.27,10.66,10.45,82.7,81.33,76.03,42.82,386.73,4400,1469.67,5.97,51.61,5884.5,5915.2,45.194,121.8
1980Q1,15.05,13.35,13.93,12.27,11.99,86.53,84.5,79.03,43.87,384.47,4477.1,1489.9,6.3,51.81,5903.4,5954,46.144,122.5
1980Q2,12.69,9.62,10.28,10.33,10.48,88.27,86.7,81.7,44.85,383.93,4543.7,1513.1,7.33,49.65,5782.4,5986.7,47.178,125.1
1980Q3,9.84,9.15,10.14,10.66,10.95,91.17,89.5,83.23,45.84,399.2,4681,1560.97,7.67,48.85,5771.7,6017.5,48.256,129.2
1980Q4,15.85,13.61,13.84,12.65,12.42,93.27,91.33,85.57,46.96,415.33,4780.4,1597.43,7.4,50.73,5878.4,6047.7,49.593,133.3
1981Q1,16.57,14.39,14.12,13.2,12.96,96.1,93.7,87.93,48,411.37,4862.2,1618.1,7.43,50.85,6000.6,6079.4,50.851,133.1
1981Q2,17.78,14.91,15.13,14.19,13.75,98.27,96.07,89.77,48.9,424.1,4993.7,1662.33,7.4,51.02,5952.7,6115.2,51.813,136.2
1981Q3,17.58,15.05,16.32,15.43,14.85,98.93,96.9,92.27,49.8,426.87,5082.2,1695.37,7.4,51.5,6025,6153.1,52.73,139
1981Q4,13.59,11.75,13.55,14.13,14.09,98.83,97.93,93.77,50.67,437.27,5213.4,1742.57,8.23,50.36,5950,6193.3,53.692,141.6
1982Q1,14.23,12.81,14.33,14.39,14.29,99.7,98.83,94.6,51.41,438.8,5331.4,1773.27,8.83,49.33,5852.3,6238.9,54.421,142.1
1982Q2,14.51,12.42,13.8,14.06,13.93,99.8,99.27,95.97,52.1,446.07,5445.3,1811.83,9.43,48.72,5884,6285.6,55.08,145.7
1982Q3,11.01,9.32,11.84,13.11,13.12,100.23,100.5,97.63,52.93,451.83,5538.1,1847.63,9.9,48.04,5861.4,6333.4,55.864,149.3
1982Q4,9.29,7.91,9.13,10.47,10.67,100.33,101.4,97.93,53.67,475.3,5662.8,1894.37,10.67,47.15,5866,6381.6,56.47,152.8
1983Q1,8.65,8.11,8.86,10.12,10.56,100.37,101.03,98,54.4,479.9,5974.3,1987.37,10.37,47.69,5938.9,6427.4,56.929,153.8
1983Q2,8.8,8.4,9.18,10.23,10.54,100.73,101.37,99.13,54.82,498.67,6127.6,2039.83,10.13,48.75,6072.4,6472.6,57.345,158.7
1983Q3,9.46,9.14,10.3,11.42,11.63,101.7,101.9,100.1,55.66,510.03,6224.3,2075.2,9.37,50.4,6192.2,6518.3,57.929,162.8
1983Q4,9.43,8.8,9.95,11.41,11.69,102.2,102.17,101.1,56.11,524.1,6337.3,2118.63,8.53,51.7,6320.2,6564.9,58.355,167.2
1984Q1,9.69,9.17,10.18,11.64,11.94,103.33,103.4,102.53,56.67,523.43,6474.1,2154.7,7.87,53.24,6442.8,6613.5,59.096,168.2
1984Q2,10.56,9.8,11.55,13.01,13.2,104.03,103.83,103.5,57.33,537.33,6613.6,2201.47,7.43,54.06,6554,6664.6,59.602,172.2
1984Q3,11.39,10.32,11.81,12.83,12.87,103.8,103.87,104.4,57.87,541.6,6700.9,2234.07,7.43,54.46,6617.7,6717.3,60.081,176.3
1984Q4,9.27,8.8,10.02,11.49,11.74,103.53,103.87,105.3,58.29,552.2,6849.2,2289.03,7.3,54.5,6671.6,6771.5,60.465,179
1985Q1,8.48,8.18,9.39,11.19,11.58,103.27,104.07,106.27,59,557.13,7055.1,2348.63,7.23,54.65,6734.5,6827.6,61.136,179.2
1985Q2,7.92,7.46,8.47,10.32,10.81,103.37,104.7,107.23,59.46,576.53,7180,2390.67,7.3,54.7,6791.5,6884.8,61.483,183.1
1985Q3,7.9,7.11,7.99,9.77,10.34,102.67,104.33,107.9,59.97,596.3,7332.6,2444.17,7.2,54.6,6897.6,6942.5,61.736,187.9
1985Q4,8.1,7.17,7.85,9.23,9.76,103.3,105.47,109,60.46,617.83,7440.7,2485.07,7.03,54.93,6950,7000.4,62.14,191.9
1986Q1,7.83,6.9,7.46,8.16,8.56,101.73,104.13,109.57,61.13,621.23,7551,2514.53,7.03,55.25,7016.8,7057.2,62.456,192.4
1986Q2,6.92,6.14,6.61,7.4,7.6,99.83,102.73,109.03,61.67,651.83,7751,2581.57,7.17,54.93,7045,7113.4,62.786,196.5
1986Q3,6.21,5.52,5.99,6.93,7.31,99.37,102.63,109.7,62.25,678.77,7945.2,2648.1,6.97,55.15,7112.9,7169.4,63.143,201.2
1986Q4,6.27,5.35,5.8,6.75,7.26,99.73,103.5,110.47,62.85,713.6,8121.7,2711.83,6.83,55.76,7147.3,7225.1,63.567,205.5
1987Q1,6.22,5.54,5.92,6.74,7.19,100.9,104.33,111.8,63.43,725.77,8249.7,2747.1,6.6,56.5,7186.9,7280.7,64.16,207.3
1987Q2,6.65,5.66,6.77,7.95,8.34,102.5,105.27,113.07,63.99,745.03,8321,2772.63,6.27,57.51,7263.3,7336.2,64.526,212
1987Q3,6.84,6.04,7.13,8.42,8.88,103.67,105.93,114.27,64.62,744.97,8373.1,2790.77,6,58.54,7326.3,7391.7,65.033,217
1987Q4,6.92,5.86,7.24,8.63,9.12,104.17,105.93,115.33,65.28,758.03,8468.8,2826.6,5.83,59.97,7451.7,7447.5,65.53,223
1988Q1,6.66,5.72,6.78,7.91,8.42,104.77,106.43,116.23,65.96,753.43,8617.3,2870.53,5.7,60.51,7490.2,7503.7,66.068,225.5
1988Q2,7.16,6.21,7.3,8.42,8.91,106.5,107.23,117.57,66.75,773.27,8783.9,2926.73,5.47,61.02,7586.4,7560,66.689,230.7
1988Q3,7.98,7.01,8,8.76,9.1,108,108.73,119,67.52,782.07,8865.1,2954,5.47,61.29,7625.6,7616.7,67.442,236.1
1988Q4,8.47,7.73,8.53,8.8,8.96,108.5,109.6,120.3,68.24,790.27,8942.6,2984.77,5.33,61.71,7727.4,7673.6,67.953,240.6
1989Q1,9.44,8.54,9.29,9.31,9.21,110.93,111.77,121.67,69.03,779.43,8992,2996.4,5.2,61.98,7799.9,7730.9,68.723,242.1
1989Q2,9.73,8.41,8.93,8.83,8.77,112.8,113.7,123.63,69.64,776.37,9053.9,3016.73,5.23,61.76,7858.3,7789.1,69.399,245.8
1989Q3,9.08,7.84,8.1,8.03,8.11,112.4,113.73,124.6,70.12,778.3,9227.6,3073.73,5.23,61.36,7920.6,7847.5,69.855,249.3
1989Q4,8.61,7.65,7.83,7.84,7.91,112.83,114.97,125.87,70.77,794.67,9407.4,3139.43,5.37,61.6,7937.9,7906,70.317,252.6
1990Q1,8.25,7.76,8.13,8.38,8.42,114.5,117.6,128.03,71.64,793.97,9542.2,3179.97,5.3,62.03,8020.8,7964.7,71.166,256.1
1990Q2,8.24,7.75,8.27,8.65,8.68,114.33,117.5,129.3,72.58,806.9,9621.2,3207.5,5.33,62.5,8052.7,8023.2,71.993,262.8
1990Q3,8.16,7.48,7.83,8.43,8.7,116.47,119.27,131.53,73.32,813.6,9725.3,3238.83,5.7,62.76,8052.6,8081.3,72.655,270.8
1990Q4,7.74,6.99,7.3,8.03,8.4,119.87,122.17,133.77,73.95,827.8,9797.4,3269.23,6.13,61.77,7982,8138.9,73.239,278.6
1991Q1,6.43,6.02,6.44,7.65,8.02,117.47,121.9,134.77,74.7,829.17,9915.9,3304.93,6.6,60.59,7943.4,8195.3,74.026,285.1
1991Q2,5.86,5.56,6.24,7.78,8.13,116.3,121.43,135.57,75.33,849.63,10028.2,3343.43,6.83,60.96,7997,8250.4,74.553,289.1
1991Q3,5.64,5.38,5.89,7.49,7.94,116.13,121.3,136.6,76.08,863.17,10065.9,3351.07,6.87,61.79,8030.7,8304.9,75.133,294
1991Q4,4.82,4.54,4.87,6.56,7.35,116.23,122.2,137.73,76.73,893.97,10096.9,3370.2,7.1,61.91,8062.2,8359.1,75.569,299.8
1992Q1,4.02,3.89,4.36,6.59,7.3,115.9,122.23,138.67,77.46,920.37,10182.9,3392,7.37,61.84,8150.7,8413.2,75.954,302.6
1992Q2,3.77,3.68,4.22,6.65,7.38,117.17,122.93,139.73,78.04,949.2,10189.6,3397.87,7.6,62.93,8237.3,8467.4,76.423,308
1992Q3,3.26,3.08,3.42,5.61,6.62,117.87,123.47,140.8,78.51,971.6,10200.1,3396.03,7.63,63.38,8322.3,8522,76.778,315.9
1992Q4,3.04,3.07,3.56,5.91,6.74,117.83,124.17,142.03,79.01,1022.6,10271.5,3430,7.37,64.02,8409.8,8577.4,77.214,325.1
1993Q1,3.04,2.96,3.41,5.48,6.28,118.37,124.7,143.07,79.45,1030.73,10241.2,3410.03,7.13,64.57,8425.3,8634.5,77.677,330.5
1993Q2,3,2.97,3.38,5.18,5.99,119.5,125.53,144.1,79.95,1062,10286,3430.03,7.07,64.74,8479.2,8692.8,78.106,339
1993Q3,3.06,3,3.42,4.95,5.62,118.87,124.37,144.77,80.32,1090,10334.4,3440.63,6.8,65.06,8523.8,8752.4,78.466,348.5
1993Q4,2.99,3.06,3.53,4.97,5.61,118.9,124.33,145.97,80.7,1131.3,10395.8,3472.43,6.63,66.03,8636.4,8813.2,78.897,357.4
1994Q1,3.21,3.24,3.91,5.48,6.07,119.37,124.97,146.7,81.1,1132.2,10425.5,3470.37,6.57,66.86,8720.5,8875.3,79.311,364.5
1994Q2,3.94,3.99,5.13,6.67,7.08,120.03,125.13,147.53,81.62,1142,10452.5,3485.4,6.2,68.08,8839.8,8938.6,79.689,374.7
1994Q3,4.49,4.48,5.6,6.96,7.33,120.97,125.93,148.9,82.17,1147.13,10458.5,3482.9,6,68.94,8896.7,9003,80.163,384.7
1994Q4,5.17,5.28,6.6,7.63,7.84,121.43,126.07,149.77,82.6,1159.53,10455.8,3491.87,5.63,70.3,8995.5,9068.6,80.576,393.9
1995Q1,5.81,5.74,6.73,7.39,7.48,123.43,127.17,150.87,83.08,1144.7,10468.9,3485.63,5.47,71.17,9017.6,9135.2,81.038,398.8
1995Q2,6.02,5.6,5.97,6.4,6.62,124.93,127.77,152.1,83.58,1145.1,10566.5,3523.03,5.67,71.38,9037,9203.2,81.397,407.6
1995Q3,5.8,5.37,5.65,6.08,6.32,125.2,128,152.87,83.99,1141.13,10752.7,3581.23,5.67,72.05,9112.9,9272.3,81.78,410.7
1995Q4,5.72,5.26,5.44,5.69,5.89,125.47,128.8,153.7,84.4,1141.4,10857.7,3624.47,5.57,72.61,9176.4,9342.7,82.195,415
1996Q1,5.36,4.93,5.12,5.57,5.91,126.3,129.97,155.07,84.76,1118,10992.6,3662.87,5.53,73.09,9239.3,9414.5,82.67,415.5
1996Q2,5.24,5.02,5.66,6.49,6.72,127.83,131.03,156.4,85.15,1117.57,11123.9,3708.67,5.5,74.63,9399,9487.1,82.987,420.6
1996Q3,5.31,5.1,5.78,6.54,6.78,128.17,131.5,157.3,85.57,1100.03,11228.5,3737.97,5.27,75.64,9480.8,9561,83.25,429.8
1996Q4,5.28,4.98,5.48,6.1,6.34,128.43,132.6,158.67,86.07,1090.53,11359.2,3789.07,5.33,76.63,9584.3,9636.3,83.71,438
1997Q1,5.28,5.06,5.65,6.36,6.56,128.5,132.77,159.63,86.48,1074.63,11501.8,3836,5.23,78.06,9658,9713.1,84.251,442.6
1997Q2,5.52,5.05,5.85,6.57,6.7,127.2,131.53,160,86.95,1064.67,11630.8,3878,5,79.29,9801.2,9791.6,84.447,448.8
1997Q3,5.53,5.05,5.54,6.13,6.24,127.2,131.3,160.8,87.17,1064.8,11814.6,3930.5,4.87,81.15,9924.2,9871.7,84.742,457.1
1997Q4,5.51,5.09,5.48,5.83,5.91,127.5,131.63,161.67,87.49,1076.4,11997.2,4002.27,4.67,83.12,10000.3,9953.6,85.055,467.6
1998Q1,5.52,5.05,5.31,5.51,5.59,125.03,130.6,162,87.79,1074.1,12218.8,4077.27,4.63,84.03,10094.8,10037.5,85.198,473.2
1998Q2,5.5,4.98,5.41,5.59,5.6,124.93,130.53,162.53,88.11,1077.9,12444.8,4149.9,4.4,84.63,10185.6,10123.2,85.402,478.9
1998Q3,5.53,4.82,5.09,5.12,5.2,124.3,130.5,163.37,88.45,1071.37,12652.9,4207.2,4.53,85.25,10320,10210.5,85.729,488.9
1998Q4,4.86,4.25,4.39,4.39,4.67,123.47,131,164.13,88.78,1098.87,12978,4328.27,4.43,86.38,10498.6,10299.2,85.988,503.2
1999Q1,4.73,4.41,4.66,4.88,4.98,122.6,131.47,164.73,89.12,1095.53,13206.6,4410.27,4.3,87.25,10592.1,10389.1,86.371,512
1999Q2,4.75,4.45,4.88,5.44,5.54,124.5,132.27,165.97,89.43,1102.73,13396.5,4467.83,4.27,88.09,10674.9,10480.2,86.675,523.7
1999Q3,5.09,4.65,5.16,5.77,5.88,126.87,133.57,167.2,89.73,1092.07,13595.2,4517.33,4.23,88.96,10810.7,10572.6,86.998,537.5
1999Q4,5.31,5.04,5.61,6.06,6.14,127.93,134.83,168.43,90.1,1118.77,13776.6,4595.83,4.07,90.59,11004.8,10666.4,87.305,573.5
2000Q1,5.68,5.52,6.19,6.59,6.48,129.63,136.37,170.1,90.65,1111.07,13992.9,4673.2,4.03,91.65,11033.6,10761.6,88,572.8
2000Q2,6.27,5.71,6.22,6.42,6.18,132.03,137.33,171.43,90.93,1109.3,14223.5,4742.9,3.93,92.68,11248.8,10859.8,88.446,566.4
2000Q3,6.52,6.02,6.13,6.06,5.89,133.77,138.37,173,91.3,1095.37,14389.8,4783,4,92.55,11258.3,10958.9,88.979,570.3
2000Q4,6.47,6.02,5.9,5.55,5.57,135.53,140.07,174.23,91.74,1098.67,14601.7,4872.47,3.9,92.24,11325,11058.5,89.447,577.2
2001Q1,5.59,4.82,4.6,4.8,5.05,137.77,141.6,175.9,92.3,1100.47,14988.8,5003.07,4.23,90.92,11287.8,11158.1,90.054,584.1
2001Q2,4.33,3.66,3.78,4.83,5.27,136.23,142.03,177.13,92.65,1122.57,15362.3,5122.23,4.4,89.68,11361.7,11256.6,90.666,591.4
2001Q3,3.5,3.17,3.3,4.48,4.98,133.37,140.7,177.63,92.86,1159.27,15705.6,5223.77,4.83,88.42,11330.4,11353.9,90.952,607.2
2001Q4,2.13,1.91,2.24,4.09,4.77,129.4,138.5,177.5,93.33,1178.9,16061.1,5359.8,5.5,87.4,11370,11449.4,91.232,623.2
2002Q1,1.73,1.72,2.32,4.46,5.08,128.9,138.17,178.07,93.65,1188.97,16342.1,5449.9,5.7,87.97,11467.1,11541.1,91.555,636.9
2002Q2,1.75,1.72,2.34,4.44,5.1,130.83,138.63,179.47,94.2,1192.53,16469.3,5492.57,5.83,89.38,11528.1,11631.5,91.965,649.6
2002Q3,1.74,1.64,1.81,3.35,4.26,131.67,138.83,180.43,94.69,1189.5,16778.2,5583.3,5.73,89.91,11586.6,11719.6,92.363,661.1
2002Q4,1.44,1.33,1.53,3.01,4.01,133.07,139.9,181.5,95.02,1215.8,17127.2,5715.43,5.87,89.83,11590.6,11805.1,92.894,669.7
2003Q1,1.25,1.16,1.3,2.91,3.92,138.03,142.6,183.37,95.25,1231.77,17402.5,5798.17,5.87,90.53,11638.9,11888.3,93.543,680.8
2003Q2,1.25,1.04,1.15,2.57,3.62,137.17,142.27,183.07,95.61,1270,17750.8,5922.17,6.13,89.81,11737.5,11966.9,93.815,690.1
2003Q3,1.02,0.93,1.22,3.14,4.23,138.07,143.5,184.43,96.02,1288.47,18114.9,6029.5,6.13,90.23,11930.7,12042.9,94.337,695.5
2003Q4,1,0.92,1.3,3.25,4.29,139.23,144.83,185.13,96.41,1304.77,18097,6040.37,5.83,90.95,12038.6,12116.4,94.818,708.4
2004Q1,1,0.92,1.22,2.99,4.02,142.2,145.97,186.7,96.99,1315.1,18240.9,6071.8,5.7,91.59,12117.9,12187.1,95.643,713.8
2004Q2,1.01,1.08,1.78,3.72,4.6,146.27,148,188.17,97.62,1341.1,18629.7,6219.5,5.6,91.98,12195.9,12256.1,96.45,721.7
2004Q3,1.43,1.49,2.08,3.51,4.3,147.7,148.53,189.37,98.1,1346.5,18838.7,6271.53,5.43,92.49,12286.7,12324.3,97.149,735.9
2004Q4,1.95,2.01,2.47,3.49,4.17,150.53,151.57,191.4,98.55,1374.3,19096.3,6370.37,5.43,93.8,12387.2,12392.4,97.874,747.6
2005Q1,2.47,2.54,3.06,3.88,4.3,152.07,152.77,192.37,99.24,1365.77,19207.5,6392.83,5.3,95.15,12515,12462.5,98.776,751
2005Q2,2.94,2.86,3.34,3.87,4.16,154.53,154,193.67,99.77,1374.03,19340.4,6461.63,5.1,95.58,12570.7,12533.1,99.437,756.6
2005Q3,3.46,3.36,3.79,4.04,4.21,158.7,156.7,196.6,100.17,1368.2,19607.2,6526.57,4.97,95.21,12670.5,12604.4,100.458,764.8
2005Q4,3.98,3.83,4.29,4.39,4.49,164.3,159.6,198.43,100.83,1378.17,19883.7,6627.67,4.97,95.96,12735.6,12676.7,101.302,776.3
2006Q1,4.46,4.39,4.63,4.55,4.57,162.77,159.5,199.47,101.32,1376.9,20144,6709.8,4.73,96.92,12896.4,12750.3,102.055,787
2006Q2,4.91,4.7,5.02,4.99,5.07,165.4,160.87,201.27,102.03,1387.8,20355,6804.37,4.63,97.53,12948.7,12825.8,102.948,793.5
2006Q3,5.25,4.91,5.09,4.84,4.9,166.7,161.1,203.17,102.6,1361.7,20631.3,6862.07,4.63,97.89,12950.4,12902.4,103.724,794.3
2006Q4,5.25,4.9,4.99,4.6,4.63,164.13,159.93,202.33,103.11,1371.63,20996.9,6994.9,4.43,98.03,13038.4,12979.9,104.186,802.4
2007Q1,5.26,4.98,5.01,4.65,4.68,166.7,162.57,204.32,103.86,1364.37,21300.5,7103.47,4.5,99.01,13056.1,13058.4,105.38,806.4
2007Q2,5.25,4.74,4.93,4.76,4.85,172.83,165.8,206.63,104.29,1382.33,21656.1,7240.9,4.5,100.12,13173.6,13138.1,106.098,809.7
2007Q3,5.07,4.3,4.52,4.5,4.73,173.67,166.93,207.94,104.83,1365.33,21974.7,7302.23,4.67,100.36,13269.8,13217.7,106.453,812.6
2007Q4,4.5,3.39,3.62,3.79,4.26,177.43,171.13,210.49,105.55,1377.63,22253.9,7408.97,4.8,100.51,13326,13296.5,106.958,818.4
2008Q1,3.18,2.04,2.1,2.75,3.66,183.87,174.2,212.77,106.21,1380.37,22669.8,7572.17,5,100.22,13266.8,13373.3,107.591,815.4
2008Q2,2.09,1.63,2.07,3.16,3.89,196,178.5,215.54,106.84,1402.93,23051.1,7707.17,5.33,98.72,13310.5,13449.5,108.302,818.5
2008Q3,1.94,1.49,2.12,3.11,3.86,200.47,182.7,218.86,107.38,1419.77,23317.5,7738.83,6,95.46,13186.9,13523.3,109.162,832.2
2008Q4,0.51,0.3,0.99,2.18,3.25,178.03,173.63,213.85,107.64,1535.73,24113.8,8029.1,6.87,91.42,12883.5,13594,109.3,865.2
2009Q1,0.18,0.21,0.57,1.76,2.74,169.53,170.33,212.43,107.83,1575.27,24871.7,8312.87,8.27,86.56,12711,13660.1,109.539,894.4
2009Q2,0.18,0.17,0.52,2.23,3.31,171.33,171.37,213.48,108.29,1635,25140.4,8404.13,9.3,83.99,12701,13719.2,109.325,905.6
2009Q3,0.16,0.16,0.45,2.47,3.52,173.87,173.13,215.35,108.69,1649.2,25205.6,8363.07,9.63,85.03,12746.7,13774.8,109.457,911.4
2009Q4,0.12,0.06,0.35,2.3,3.46,176.9,176.27,217,109.34,1689.8,25400,8458.2,9.93,86.19,12873.1,13827.5,109.793,919.6
2010Q1,0.13,0.11,0.37,2.42,3.72,182.07,178.8,217.4,109.74,1695.53,25376.2,8483.6,9.83,87.84,12947.6,13877,110.216,927.6
2010Q2,0.19,0.15,0.38,2.25,3.49,184.23,178.73,217.28,110.12,1718.07,25619,8563.7,9.63,89.68,13019.6,13925.7,110.706,938.1
2010Q3,0.19,0.16,0.27,1.55,2.79,184.63,179.67,218.01,110.4,1732.33,25869.8,8577.23,9.5,91.12,13103.5,13974.4,111.238,948
2010Q4,0.19,0.14,0.26,1.49,2.86,188,182.97,219.64,110.6,1821.67,26244.3,8746.37,9.53,91.62,13181.2,14024.2,111.795,971.2
2011Q1,0.16,0.13,0.27,2.12,3.46,195.9,187.37,222.03,110.97,1873.67,26556.8,8877.97,9,92.61,13183.8,14078.9,112.372,990.3
2011Q2,0.09,0.05,0.21,1.86,3.21,203.7,190.7,224.57,111.6,1934.47,27027.4,9030.37,9.03,92.88,13264.7,14136.3,113.109,1017.2
2011Q3,0.08,0.02,0.13,1.15,2.43,203.83,192.17,226.18,112.14,2064.13,28275.3,9373.77,9,94.17,13306.9,14195.4,113.95,1034
2011Q4,0.07,0.01,0.11,0.95,2.05,200.77,192.97,226.97,112.5,2165.77,28787.3,9599.47,8.67,95.33,13441,14255.9,113.987,1055.5
2012Q1,0.1,0.07,0.16,0.9,2.04,202.17,193.73,228.27,113.12,2213.97,29238.6,9777.03,8.27,96.7,13506.4,14317.4,114.599,1082.5
2012Q2,0.15,0.09,0.19,0.79,1.82,201.8,192.83,228.84,113.6,2258.3,29611.6,9888.97,8.17,97.27,13548.5,14379.3,115.035,1104.5
2012Q3,0.14,0.1,0.18,0.67,1.64,202.4,195.2,230.03,113.91,2326.47,30251.4,10029.87,8.03,97.39,13652.5,14441.9,115.81,1119.2
2012Q4,0.16,0.09,0.17,0.69,1.71,202.27,196.2,231.28,114.18,2436.73,30938.8,10319.6,7.83,98.01,13665.4,14505.4,116.089,1147.6