fdho,expend,sfdho,lnexpend,expend_rec,expend2
6475,40516.75,0.159810454,10.60947037,2.46812E-05,1641607040
3146,33540.5,0.09379705,10.42050934,2.98147E-05,1124965120
1632,5181.850098,0.31494543,8.55291748,0.000192981,26851570
2405,40385,0.059551813,10.60621357,2.47617E-05,1630948224
2227,40302.25,0.055257462,10.60416222,2.48125E-05,1624271360
2470,23188.75,0.106517166,10.05142212,4.31244E-05,537718144
3510,13503.4502,0.259933561,9.510700226,7.40551E-05,182343168
1662,5109.799805,0.325257361,8.538915634,0.000195702,26110054
2405,15753.5,0.152664483,9.66481781,6.3478E-05,248172768
2483,40762.75,0.060913455,10.61552429,2.45322E-05,1661601792
1770,23060.5,0.076754622,10.0458765,4.33642E-05,531786656
4160,30839.25,0.13489303,10.33654308,3.24262E-05,951059328
3390,25206.15039,0.134490982,10.13484287,3.96729E-05,635350016
1430,15891.25,0.08998663,9.673523903,6.29277E-05,252531824
2496,38821.25,0.064294681,10.56672287,2.57591E-05,1507089408
2145,11765.75,0.182308823,9.372947693,8.49925E-05,138432880
572,4933.700195,0.115937322,8.503844261,0.000202688,24341398
3653,13753.90039,0.265597373,9.52907753,7.27067E-05,189169776
1194,14141.5,0.084432341,9.556868553,7.07139E-05,199982016
3692,27812.5,0.132746071,10.23324108,3.59551E-05,773535168
1638,21005,0.077981435,9.952515602,4.76077E-05,441210016
1677,11510.7002,0.145690531,9.351032257,8.68757E-05,132496216
4469,41749.5,0.107043199,10.63944244,2.39524E-05,1743020800
5265,32854.5,0.16025202,10.39984417,3.04372E-05,1079418112
4012,62043,0.064664826,11.03558254,1.61179E-05,3849333760
1404,19415.40039,0.072313726,9.873822212,5.15055E-05,376957760
4550,51814.5,0.087813258,10.85542488,1.92996E-05,2684742400
4452,26960.5,0.165130466,10.20212841,3.70913E-05,726868544
1339,19185,0.069794111,9.861884117,5.21241E-05,368064224
1807,19704,0.091707267,9.888576508,5.07511E-05,388247616
3302,21830.75,0.151254535,9.991074562,4.58069E-05,476581632
2744,40768.30078,0.067307197,10.61565971,2.45289E-05,1662054400
4330,49078.75,0.088225558,10.80118179,2.03754E-05,2408723712
3018,12765.65039,0.236415684,9.45451355,7.83352E-05,162961824
3250,13029.5,0.249433979,9.474971771,7.67489E-05,169767872
1476,8841.200195,0.166945666,9.08717823,0.000113107,78166824
982,17942.5,0.054730389,9.794927597,5.57336E-05,321933312
1365,6214.200195,0.219658196,8.734592438,0.000160922,38616284
1508,21113.69922,0.071422823,9.957676888,4.73626E-05,445788288
1862,7897.600098,0.235767826,8.974313736,0.000126621,62372088
4885,30707.25,0.159082949,10.33225441,3.25656E-05,942935232
6114,69698.25,0.087720998,11.15193081,1.43476E-05,4857846272
5799,70154.75,0.082660116,11.15845871,1.42542E-05,4921689088
4160,15032.25,0.276738346,9.6179533,6.65236E-05,225968544
5355,55858.25,0.095867664,10.93057251,1.79025E-05,3120144128
3816,31746.75,0.120201282,10.36554527,3.14993E-05,1007856128
3039,11562.09961,0.262841523,9.355487823,8.64895E-05,133682144
2102,12389.9502,0.169653624,9.424640656,8.07106E-05,153510864
1711,7016.25,0.243862465,8.855983734,0.000142526,49227764
2598,96396.25,0.026951255,11.47622299,1.03738E-05,9292236800
2606,24614.44922,0.105872773,10.11108875,4.06265E-05,605871104
2765,22735.25,0.12161731,10.03167152,4.39846E-05,516891584
3333,20483,0.162720308,9.927350998,4.8821E-05,419553280
5340,36906.5,0.144689962,10.51614285,2.70955E-05,1362089728
2600,31821.69922,0.08170525,10.36790371,3.14251E-05,1012620544
1140,13618.5,0.083709657,9.519184113,7.34295E-05,185463536
1820,34401,0.05290544,10.44584084,2.90689E-05,1183428864
1474,10281.2002,0.143368483,9.238072395,9.72649E-05,105703080
2734,32165,0.084999226,10.37863445,3.10897E-05,1034587200
6240,52226.25,0.119480148,10.86334038,1.91475E-05,2727581184
273,13941.2002,0.019582245,9.542603493,7.17298E-05,194357056
4435,40849.5,0.108569257,10.61765003,2.44801E-05,1668681600
8073,15270.40039,0.528669834,9.633671761,6.54862E-05,233185136
2314,21142.5,0.109447792,9.959040642,4.72981E-05,447005312
4043,26028.5,0.155329734,10.16694736,3.84194E-05,677482816
3900,10209,0.382015854,9.231024742,9.79528E-05,104223680
1235,10950.2002,0.112783328,9.301113129,9.13225E-05,119906888
2405,19744.65039,0.121805146,9.890637398,5.06466E-05,389851232
5200,54153.25,0.096023783,10.89957333,1.84661E-05,2932574464
4160,33667.5,0.1235613,10.4242878,2.97022E-05,1133500544
1378,7561.700195,0.182234153,8.930850983,0.000132245,57179308
3975,34231,0.116122812,10.4408865,2.92133E-05,1171761408
3640,34219.25,0.106372878,10.44054317,2.92233E-05,1170957056
3510,25783.80078,0.136131987,10.15750122,3.8784E-05,664804352
5406,52951.5,0.102093428,10.87713146,1.88852E-05,2803861248
852,32958.75,0.025850495,10.40301228,3.0341E-05,1086279168
6890,17459.40039,0.394629806,9.767633438,5.72757E-05,304830656
3345,25611.25,0.130606666,10.15078735,3.90453E-05,655936128
3237,14998.4502,0.215822294,9.615702629,6.66736E-05,224953504
2600,36228.75,0.071766205,10.49760818,2.76024E-05,1312522368
3625,26485,0.136869922,10.1843338,3.77572E-05,701455232
2810,20562.90039,0.13665387,9.931243896,4.86313E-05,422832864
2925,41865,0.069867432,10.64220524,2.38863E-05,1752678272
2882,29821.40039,0.09664201,10.30298138,3.3533E-05,889315904
2396,26792.25,0.08942885,10.19586754,3.73242E-05,717824640
2960,42405.5,0.069802269,10.65503311,2.35818E-05,1798226432
2821,20082.90039,0.140467763,9.907624245,4.97936E-05,403322880
2043,10204.9502,0.200196967,9.230628014,9.79917E-05,104141008
2917,31353,0.093037352,10.35306549,3.18949E-05,983010624
5469,33674,0.16241017,10.42448139,2.96965E-05,1133938304
2678,13522.65039,0.198038101,9.512121201,7.395E-05,182862080
4025,51834.5,0.077650987,10.85581112,1.92922E-05,2686815488
2836,18136.25,0.156371906,9.805667877,5.51382E-05,328923552
3770,54736,0.068876058,10.91027737,1.82695E-05,2996029696
2600,33499,0.077614255,10.41927052,2.98516E-05,1122183040
6795,95388.5,0.071235001,11.4657135,1.04834E-05,9098966016
2726,44967.25,0.060621899,10.7136898,2.22384E-05,2022053632
3581,67706.75,0.052889854,11.12294102,1.47696E-05,4584203776
5295,40878.5,0.129530191,10.61835957,2.44627E-05,1671051776
3276,17728.5,0.184787214,9.782928467,5.64064E-05,314299712
1934,15643.25,0.123631597,9.657794952,6.39253E-05,244711264
4168,15648,0.266359925,9.658098221,6.39059E-05,244859904
2535,19150.19922,0.1323746,9.860068321,5.22188E-05,366730144
1898,9788.75,0.193896055,9.188988686,0.000102158,95819624
2340,27977.5,0.083638638,10.23915577,3.5743E-05,782740480
6201,40468.75,0.153229341,10.60828495,2.47104E-05,1637719680
3990,30696,0.129984364,10.33188725,3.25775E-05,942244416
3481,48194.5,0.072228156,10.78299999,2.07493E-05,2322709760
1820,12817.2002,0.141996697,9.458543777,7.80202E-05,164280624
3666,10527,0.348247349,9.261698723,9.49938E-05,110817728
2924,42945.75,0.068085901,10.66769314,2.32852E-05,1844337408
4254,72280.5,0.058854047,11.18830967,1.3835E-05,5224470528
6125,13772.5,0.444726825,9.530428886,7.26085E-05,189681760
3554,17188.65039,0.20676434,9.752004623,5.81779E-05,295449696
4368,14340.25,0.304597199,9.570825577,6.97338E-05,205642768
5811,47962,0.121158414,10.77816391,2.08498E-05,2300353536
6266,29062.75,0.215602443,10.27721214,3.44083E-05,844643456
777,34476.75,0.022536928,10.44804001,2.90051E-05,1188646272
7193,84354,0.085271597,11.34277725,1.18548E-05,7115597312
7215,37942.5,0.190156162,10.54382706,2.63557E-05,1439633280
1477,13583.5,0.108734861,9.516611099,7.36187E-05,184511472
3025,12183.7998,0.24828051,9.407862663,8.20762E-05,148444976
6500,49563.39844,0.131145164,10.8110075,2.01762E-05,2456530432
962,36262.69922,0.026528638,10.49854469,2.75765E-05,1314983296
3716,18312.5,0.202921495,9.815339088,5.46075E-05,335347648
2004,25399.05078,0.078900583,10.1424675,3.93715E-05,645111808
1399,50235.25,0.02784897,10.82447243,1.99063E-05,2523580416
1560,14230.25,0.109625623,9.56312561,7.02728E-05,202500016
1560,25616.69922,0.060897775,10.15100002,3.9037E-05,656215296
1871,18226.25,0.102654137,9.810618401,5.48659E-05,332196192
4462,31541.75,0.141463295,10.35906696,3.1704E-05,994881984
3130,24262.25,0.129006997,10.09667683,4.12163E-05,588656768
1366,17617.19922,0.077537864,9.776631355,5.67627E-05,310365696
2239,22067.5,0.101461425,10.00186157,4.53155E-05,486974560
3075,43533.5,0.070635259,10.68128586,2.29708E-05,1895165568
1074,14573.5,0.073695406,9.586959839,6.86177E-05,212386896
2041,6470.899902,0.315412074,8.77507019,0.000154538,41872544
4940,57499.5,0.085913792,10.95953178,1.73915E-05,3306192384
2600,8535.200195,0.304620862,9.051954269,0.000117162,72849640
8905,85065.25,0.104684345,11.35117435,1.17557E-05,7236096512
4145,22748.5,0.18220982,10.03225422,4.39589E-05,517494240
1183,10481.25,0.11286822,9.257343292,9.54085E-05,109856600
1074,42093.5,0.025514629,10.64764881,2.37566E-05,1771862784
1957,24435.75,0.08008758,10.10380268,4.09236E-05,597105856
4810,27975,0.171939239,10.23906612,3.57462E-05,782600640
1422,28347.25,0.050163597,10.252285,3.52768E-05,803566592
5135,32929.25,0.155940384,10.40211678,3.03681E-05,1084335488
2860,20105.55078,0.142249271,9.908751488,4.97375E-05,404233184
3445,30991.75,0.111158617,10.34147644,3.22667E-05,960488576
4875,22201.90039,0.219575793,10.00793362,4.50412E-05,492924384
2132,17005,0.125374883,9.741262436,5.88062E-05,289170016
4495,29899.75,0.150335699,10.30560493,3.34451E-05,893995072
2535,16870.75,0.150260061,9.733336449,5.92742E-05,284622208
2600,10790.2002,0.240959391,9.286393166,9.26767E-05,116428424
5785,38355,0.150827795,10.55463982,2.60722E-05,1471106048
1885,10315,0.182743579,9.241353989,9.69462E-05,106399224
1118,7781.700195,0.14367041,8.959529877,0.000128507,60554856
2197,16083.75,0.136597499,9.685564995,6.21746E-05,258687008
2457,11787.90039,0.20843406,9.374829292,8.48327E-05,138954592
3637,20005.40039,0.181800917,9.903757095,4.99865E-05,400216032
7663,70858.75,0.108144723,11.16844368,1.41126E-05,5020962304
2405,21705.75,0.110800132,9.985332489,4.60707E-05,471139584
2174,11928.5,0.182252586,9.386685371,8.38328E-05,142289120
7230,69815.89844,0.103558071,11.15361691,1.43234E-05,4874259456
2457,6351,0.386868209,8.756367683,0.000157456,40335200
2290,27216.69922,0.084139518,10.211586,3.67421E-05,740748736
3770,30178.25,0.124924406,10.31487656,3.31364E-05,910726784
1950,10597.25,0.184009999,9.268349648,9.43641E-05,112301704
2353,13715.40039,0.171558976,9.526274681,7.29107E-05,188112208
1768,13687.2002,0.129171774,9.524216652,7.3061E-05,187339456
3081,17116.25,0.180004388,9.747783661,5.8424E-05,292966016
3160,27426,0.115219139,10.21924686,3.64618E-05,752185472
3375,56579,0.059651107,10.94339275,1.76744E-05,3201183232
1365,31654.5,0.04312183,10.36263561,3.15911E-05,1002007360
4130,86576.75,0.047703337,11.36878681,1.15504E-05,7495533568
7969,27051.25,0.294588983,10.2054882,3.69669E-05,731770112
1066,10477.2002,0.101744741,9.256957054,9.54453E-05,109771720
1040,11177.9502,0.093040317,9.321698189,8.94618E-05,124946568
4393,49784.75,0.088239871,10.81546402,2.00865E-05,2478521344
3809,12625.5,0.301691025,9.443473816,7.92048E-05,159403248
8762,44817,0.19550617,10.71034241,2.2313E-05,2008563456
1157,15757.75,0.07342419,9.6650877,6.34608E-05,248306688
2015,21396,0.094176479,9.970959663,4.67377E-05,457788800
1612,5590.200195,0.288361758,8.628770828,0.000178884,31250338
2661,40538,0.065642111,10.60999489,2.46682E-05,1643329408
1300,38834.25,0.033475604,10.56705761,2.57505E-05,1508098944
3731,32693.40039,0.114120893,10.39492893,3.05872E-05,1068858432
7345,47330,0.155186981,10.76489925,2.11282E-05,2240129024
2509,17823.09961,0.140772372,9.788250923,5.6107E-05,317662880
7030,92956.5,0.075626768,11.43988705,1.07577E-05,8640911360
6910,44439,0.155494049,10.70187283,2.25028E-05,1974824704
3935,27187.69922,0.144734576,10.21051979,3.67813E-05,739171008
3445,22972.25,0.149963543,10.04204178,4.35308E-05,527724256
5509,40019.5,0.137657896,10.59712219,2.49878E-05,1601560320
2366,33067.30078,0.071551047,10.40630054,3.02414E-05,1093446400
3412,24561.90039,0.138914332,10.10895157,4.07135E-05,603286976
1365,8407.900391,0.162347302,9.036927223,0.000118936,70692792
3304,36087.75,0.091554612,10.49370861,2.77102E-05,1302325760
1456,8822.75,0.165027916,9.08508873,0.000113343,77840920
793,8022.200195,0.09885069,8.9899683,0.000124654,64355696
2408,36394.5,0.066163845,10.50217247,2.74767E-05,1324559616
2280,14522.65039,0.156996131,9.583464622,6.8858E-05,210907376
3685,49188.25,0.074916266,10.80340958,2.03301E-05,2419483904
3432,19743.80078,0.173826709,9.890594482,5.06488E-05,389817664
845,17536.40039,0.048185486,9.772033691,5.70242E-05,307525344
3036,32455.5,0.09354347,10.38762474,3.08114E-05,1053359488
4640,38399.75,0.12083412,10.55580616,2.60418E-05,1474540800
2327,6451.200195,0.360708088,8.772021294,0.00015501,41617984
3197,31765.5,0.100643784,10.36613655,3.14807E-05,1009046976
1265,24726.5,0.051159687,10.1156311,4.04424E-05,611399808
4473,60013.25,0.074533537,11.00232029,1.6663E-05,3601590272
3744,15664,0.239019409,9.65912056,6.38407E-05,245360896
845,17356.19922,0.048685774,9.761705399,5.76163E-05,301237664
6260,50481.75,0.124005213,10.82936764,1.98091E-05,2548407040
3783,20752.25,0.18229349,9.94040966,4.81875E-05,430655872
7709,28047.5,0.274855167,10.2416544,3.56538E-05,786662272
1885,10932,0.172429562,9.299449921,9.14746E-05,119508624
2869,35336.75,0.081190266,10.47267914,2.82991E-05,1248685952
2091,18755,0.111490272,9.839215279,5.33191E-05,351750016
2366,6572.25,0.359998465,8.790611267,0.000152155,43194472
2300,16065.2002,0.143166602,9.684411049,6.22463E-05,258090656
8073,67257.39844,0.120031402,11.11628246,1.48683E-05,4523557888
2499,36302.5,0.068838231,10.49964142,2.75463E-05,1317871488
4498,14845.59961,0.3029854,9.605459213,6.736E-05,220391824
6171,50467.5,0.122276716,10.8290844,1.98147E-05,2546968576
2860,27236.94922,0.105004415,10.21232986,3.67148E-05,741851392
2119,7165.200195,0.295734942,8.876991272,0.000139563,51340092
2148,38067,0.056426827,10.54710293,2.62695E-05,1449096448
1287,22040,0.058393829,10.00061417,4.5372E-05,485761600
2210,23794,0.092880554,10.07718849,4.20274E-05,566154432
8255,106031.7969,0.077854007,11.5714941,9.43113E-06,11242741760
6045,19303,0.313163757,9.868016243,5.18054E-05,372605824
6564,63933.5,0.102669179,11.06559849,1.56413E-05,4087492352
1670,16818,0.099298373,9.730204582,5.94601E-05,282845120
2779,11621,0.23913604,9.360569,8.60511E-05,135047648
4556,40565.75,0.112311497,10.61067963,2.46513E-05,1645580032
2886,14921,0.193418667,9.610525131,6.70196E-05,222636240
2556,15188.2002,0.168288544,9.628273964,6.58406E-05,230681424
457,28087.19922,0.016270757,10.24306965,3.56034E-05,788890752
884,21025.75,0.042043686,9.953503609,4.75607E-05,442082176
5270,38907,0.135451198,10.56892967,2.57023E-05,1513754624
2258,39726.75,0.056838278,10.58977985,2.5172E-05,1578214656
4420,49794,0.088765718,10.81564999,2.00827E-05,2479442432
2994,49112.25,0.060962386,10.80186367,2.03615E-05,2412013056
1339,6885.75,0.194459572,8.837209702,0.000145227,47413552
3406,31673.5,0.107534692,10.36323547,3.15721E-05,1003210624
3185,25053,0.127130479,10.12874889,3.99154E-05,627652800
2464,23835.25,0.103376299,10.07892132,4.19547E-05,568119168
3055,12159.7998,0.25123769,9.405890465,8.22382E-05,147860736
3605,45639.75,0.078988165,10.7285347,2.19107E-05,2082986752
637,7898.200195,0.080651283,8.97439003,0.000126611,62381568
4892,107065.2969,0.045691743,11.58119392,9.34009E-06,11462977536
4402,58205.5,0.075628594,10.971735,1.71805E-05,3387880192
1833,8270,0.221644491,9.020389557,0.000120919,68392896
6617,69528.5,0.095169604,11.14949226,1.43826E-05,4834212352
5085,25776,0.197276533,10.15719891,3.87958E-05,664402176
1799,57741.5,0.0311561,10.96373177,1.73186E-05,3334080768
4940,18455.5,0.26767087,9.823117256,5.41844E-05,340605472
2120,53523,0.039609142,10.88786697,1.86836E-05,2864711424
3055,27513.69922,0.111035593,10.22243977,3.63455E-05,757003648
2275,14088.75,0.161476359,9.553132057,7.09786E-05,198492880
1173,7291,0.160883278,8.894395828,0.000137155,53158680
767,4727.25,0.162250787,8.461098671,0.000211539,22346892
2210,7319.200195,0.301945567,8.898256302,0.000136627,53570692
3939,22649.5,0.173911124,10.02789307,4.41511E-05,512999840
2353,8461.700195,0.2780765,9.043305397,0.00011818,71600368
2405,14980,0.160547391,9.614471436,6.67557E-05,224400400
4797,39084.5,0.122734077,10.57348156,2.55856E-05,1527598080
2808,13626.65039,0.206066787,9.51978302,7.33856E-05,185685600
1404,14997.75,0.093614042,9.615655899,6.66767E-05,224932512
3084,29686,0.103887357,10.29843044,3.36859E-05,881258624
3850,22750,0.169230774,10.03232002,4.3956E-05,517562496
8213,25486.84961,0.322244614,10.14591789,3.92359E-05,649579520
1775,40127,0.044234555,10.59980488,2.49209E-05,1610176128
2188,22843.75,0.095781125,10.03643322,4.37756E-05,521836928
1027,7597,0.135184944,8.935508728,0.000131631,57714408
2688,19264.75,0.139529452,9.8660326,5.19083E-05,371130592
670,14868.5,0.045061707,9.607000351,6.72563E-05,221072288
2899,33009.75,0.087822534,10.40455818,3.02941E-05,1089643648
5525,74958.25,0.0737077,11.22468662,1.33408E-05,5618739200
8983,30320.09961,0.296272099,10.31956577,3.29814E-05,919308416
1690,16602.15039,0.101794042,9.717287064,6.02332E-05,275631392
4456,36375.64844,0.122499533,10.50165462,2.74909E-05,1323187840
4384,16467.19922,0.266226202,9.709125519,6.07268E-05,271168640
2678,26946,0.09938395,10.20159054,3.71113E-05,726086912
6409,26870,0.238518789,10.19876575,3.72162E-05,721996928
4745,33432.5,0.141927764,10.41728401,2.9911E-05,1117732096
2613,61133.5,0.042742524,11.0208149,1.63576E-05,3737304832
4420,20120.5,0.21967645,9.9094944,4.97006E-05,404834528
4769,58389.25,0.081675991,10.97488689,1.71264E-05,3409304576
2795,61594,0.045377798,11.02831936,1.62353E-05,3793820928
3250,24149.5,0.134578362,10.09201908,4.14087E-05,583198336
4524,32593.90039,0.138798982,10.39188004,3.06806E-05,1062362368
1542,20176.5,0.076425545,9.912273407,4.95626E-05,407091168
637,3132.899902,0.203326002,8.049714088,0.000319193,9815062
6630,22330,0.296909988,10.01368618,4.47828E-05,498628896
1976,16905,0.116888493,9.735364914,5.91541E-05,285779040
5239,25052.75,0.209118754,10.12873936,3.99158E-05,627640256
2626,10836.7002,0.242324695,9.290694237,9.2279E-05,117434072
1313,20806.5,0.063105278,9.943020821,4.80619E-05,432910432
2831,6647.299805,0.425887227,8.801965714,0.000150437,44186596
1380,29695.5,0.046471689,10.29875088,3.36751E-05,881822720
8710,34457,0.252778828,10.4474678,2.90217E-05,1187284864
5044,78286.25,0.064430214,11.26812744,1.27736E-05,6128736768
2548,21551.25,0.118229799,9.978189468,4.6401E-05,464456384
1865,26533.19922,0.070289299,10.18615246,3.76886E-05,704010688
1235,52236.5,0.023642473,10.86353683,1.91437E-05,2728652032
3637,58745.25,0.061911389,10.98096561,1.70227E-05,3451004416
4030,19606.5,0.205544084,9.883616447,5.10035E-05,384414848
4160,25062,0.165988356,10.12910843,3.9901E-05,628103872
5180,23823,0.217436925,10.07840633,4.19762E-05,567535360
4460,108755.7969,0.041009307,11.59685993,9.19491E-06,11827823616
3835,12066.59961,0.317819446,9.39819622,8.28734E-05,145602832
5395,28813,0.187241867,10.26858234,3.47066E-05,830188992
416,17803.19922,0.023366587,9.787133217,5.61697E-05,316953888
1068,35794.5,0.029836986,10.48554993,2.79373E-05,1281246208
4693,20859.5,0.224981427,9.945565224,4.79398E-05,435118752
2509,14306.9502,0.175369307,9.568500519,6.98961E-05,204688816
3965,11990.5,0.330678463,9.391869545,8.33994E-05,143772096
9370,71408.54688,0.131216779,11.17617321,1.40039E-05,5099180544
4605,74111,0.062136523,11.21331882,1.34933E-05,5492440576
2795,25916.25,0.107847393,10.16262531,3.85858E-05,671652032
2329,25914.25,0.089873329,10.16254807,3.85888E-05,671548352
2132,14091.5,0.151296884,9.553326607,7.09648E-05,198570368
2675,24780,0.107949957,10.11779213,4.03551E-05,614048384
2244,43417.25,0.051684525,10.67861176,2.30323E-05,1885057536
1950,12767.40039,0.15273273,9.454649925,7.83245E-05,163006512
6268,43918.5,0.142718896,10.69009113,2.27694E-05,1928834688
2965,28204.5,0.10512507,10.24723721,3.54553E-05,795493824
2819,34075,0.082729273,10.43631935,2.9347E-05,1161105664
6110,68172.75,0.089625254,11.12979984,1.46686E-05,4647523840
4555,28509,0.15977411,10.25797558,3.50766E-05,812763072
6836,78760.25,0.086795054,11.27416325,1.26968E-05,6203176960
4341,52328.75,0.082956307,10.86530113,1.911E-05,2738298112
3110,31857.75,0.097621456,10.36903572,3.13895E-05,1014916224
4842,54088,0.089520782,10.89836788,1.84884E-05,2925511680
1625,6670.200195,0.243620872,8.805405617,0.000149921,44491572
4095,29371,0.139423236,10.28776264,3.40472E-05,862655616
3120,30065.90039,0.103772044,10.31114674,3.32603E-05,903958336
4370,16553.5,0.263992518,9.714352608,6.04102E-05,274018368
910,13865.5,0.065630525,9.537158966,7.21215E-05,192252096
1239,13805.5,0.08974684,9.532822609,7.24349E-05,190591824
8840,40503.5,0.218252748,10.60914326,2.46892E-05,1640533504
4498,49841.25,0.090246536,10.81659794,2.00637E-05,2484150272
4620,19729,0.234173045,9.889844894,5.06868E-05,389233440
4030,30881.25,0.130499899,10.33790493,3.23821E-05,953651584
3283,35484,0.092520572,10.47683716,2.81817E-05,1259114240
2535,11372.7998,0.222900257,9.338979721,8.79291E-05,129340576
2089,10624.2998,0.196624726,9.270898819,9.41238E-05,112875744
1261,7543.5,0.167163789,8.928442001,0.000132564,56904392
2447,49465.25,0.049469072,10.80902576,2.02162E-05,2446810880
2951,12499.2998,0.236093223,9.433427811,8.00045E-05,156232496
2964,18315.84961,0.161827058,9.815522194,5.45975E-05,335470336
5746,27962.75,0.205487654,10.23862839,3.57619E-05,781915392
3991,31601,0.126293465,10.36094379,3.16446E-05,998623232
2697,52242.5,0.051624633,10.86365128,1.91415E-05,2729278720
5137,48926.75,0.104993686,10.79807949,2.04387E-05,2393826816
5040,42338.5,0.119040586,10.65345192,2.36192E-05,1792548608
4531,34707.25,0.130549088,10.45470428,2.88124E-05,1204593152
1306,13034,0.100199476,9.475317001,7.67224E-05,169885152
1781,9452,0.188425735,9.153981209,0.000105798,89340304
6864,69461.25,0.098817684,11.14852428,1.43965E-05,4824865280
4361,64335.25,0.067785546,11.07186317,1.55436E-05,4139024384
1365,9963.700195,0.136997297,9.20670414,0.000100364,99275320
1794,8993.25,0.199482948,9.104229927,0.000111195,80878544
1794,11217.2002,0.159932956,9.325203896,8.91488E-05,125825584
8810,116262,0.075777121,11.66360188,8.60126E-06,13516852224
2405,16693,0.144072369,9.722744942,5.99053E-05,278656256
1131,28621.75,0.039515402,10.26192188,3.49385E-05,819204544
2080,35250.5,0.059006255,10.47023487,2.83684E-05,1242597760
1143,8587.299805,0.133103535,9.058039665,0.000116451,73741720
2458,28413.5,0.086508177,10.2546196,3.51945E-05,807326976
3730,15552.15039,0.239838213,9.651954651,6.42998E-05,241869376
8170,49459.5,0.16518566,10.80890942,2.02186E-05,2446242048
4160,57720.5,0.072071448,10.96336746,1.73249E-05,3331656192
1690,16397.5,0.103064492,9.704884529,6.09849E-05,268878016
3250,20597.15039,0.157788813,9.932908058,4.85504E-05,424242592
3525,28591.75,0.123287313,10.26087379,3.49751E-05,817488192
2212,13795,0.160347953,9.532061577,7.249E-05,190302032
3910,19533.90039,0.20016484,9.879906654,5.11931E-05,381573280
5890,37064.75,0.158911094,10.52042198,2.69798E-05,1373795712
4590,22847.19922,0.200899899,10.0365839,4.3769E-05,521994528
3419,10679,0.320161074,9.276034355,9.36417E-05,114041040
2600,37552.14844,0.069237053,10.53348541,2.66296E-05,1410163840
5205,63611,0.081825472,11.06054211,1.57206E-05,4046359296
2405,12023.40039,0.200026602,9.394610405,8.31711E-05,144562160
2298,19658.75,0.116894513,9.886278152,5.08679E-05,386466464
3965,16040.25,0.247190654,9.68285656,6.23432E-05,257289616
5325,63519,0.08383318,11.05909443,1.57433E-05,4034663424
2710,56896.75,0.047630139,10.94899368,1.75757E-05,3237240064
4804,55381,0.086744554,10.9219923,1.80567E-05,3067055104
4457,44055.25,0.101168416,10.69320011,2.26988E-05,1940865024
7670,65130.25,0.117764018,11.08414459,1.53538E-05,4241949440
1391,8250.650391,0.168592766,9.018047333,0.000121203,68073232
1599,4857.200195,0.329201996,8.488217354,0.00020588,23592394
4589,6225,0.737188756,8.736329079,0.000160643,38750624
5716,74197.25,0.077037893,11.21448231,1.34776E-05,5505231872
3510,20986,0.167254359,9.951610565,4.76508E-05,440412192
4785,47412,0.100923814,10.76663017,2.10917E-05,2247897856
3900,35013.60156,0.111385286,10.46349144,2.85603E-05,1225952256
3926,39262.75,0.099992998,10.57803154,2.54694E-05,1541563520
1560,19486,0.080057479,9.877451897,5.13189E-05,379704192
1775,22648,0.078373365,10.02782726,4.4154E-05,512931904
2795,7826,0.357142866,8.9652071,0.000127779,61246276
7645,52697.44922,0.145073429,10.87232208,1.89763E-05,2777021184
1365,9195.900391,0.148435712,9.126513481,0.000108744,84564584
2496,31890,0.07826905,10.37004757,3.13578E-05,1016972096
2756,8835.700195,0.311916411,9.086555481,0.000113177,78069600
8325,62722.5,0.132727489,11.04647541,1.59432E-05,3934112000
2548,60813.5,0.041898593,11.01556683,1.64437E-05,3698281728
3445,42017.75,0.081989162,10.64584732,2.37995E-05,1765491328
3900,20671.25,0.188667834,9.936499596,4.83764E-05,427300576
1560,7444.200195,0.209559113,8.915190697,0.000134333,55416116
1950,21584.19922,0.090343863,9.979717255,4.63302E-05,465877664
2002,13213.2002,0.151515156,9.48897171,7.56819E-05,174588656
4355,23959,0.181768849,10.08409977,4.1738E-05,574033664
2080,16394,0.126875684,9.704670906,6.09979E-05,268763232
2288,21741.75,0.105235316,9.986989975,4.59945E-05,472703680
7007,71587,0.0978809,11.17866898,1.3969E-05,5124698624
3445,16865.80078,0.2042595,9.733043671,5.92916E-05,284455232
3899,63788,0.061124351,11.06332016,1.56769E-05,4068909056
2444,39375.25,0.062069446,10.58089256,2.53967E-05,1550410368
3746,37087.39844,0.10100466,10.52103233,2.69633E-05,1375475072
4212,9370,0.449519753,9.14526844,0.000106724,87796896
2600,37439.75,0.06944491,10.53048801,2.67096E-05,1401734912
4745,10665.5,0.444892406,9.274769783,9.37603E-05,113752888
5310,60303.75,0.088054225,11.0071497,1.65827E-05,3636542208
4745,34390.75,0.137973145,10.44554329,2.90776E-05,1182723712
6395,55987.75,0.114221416,10.93288803,1.7861E-05,3134628096
2704,9921,0.272553176,9.202408791,0.000100796,98426240
312,11709.4502,0.026645144,9.368151665,8.54011E-05,137111216
7344,69197.5,0.106131002,11.14472008,1.44514E-05,4788294144
11114,49491.14844,0.224565417,10.80954933,2.02056E-05,2449373696
4566,39201.14844,0.116476178,10.57646179,2.55095E-05,1536729984
3068,10065,0.30481869,9.216819763,9.93542E-05,101304224
4442,32062.75,0.138540834,10.37545013,3.11888E-05,1028019968
2080,10380,0.200385362,9.247635841,9.63391E-05,107744400
6110,18818.40039,0.324682206,9.842590332,5.31395E-05,354132192
4835,35576,0.135906234,10.47942638,2.81088E-05,1265651712
810,15694.75,0.051609613,9.661081314,6.37156E-05,246325184
1687,30335.59961,0.05561123,10.32007694,3.29646E-05,920248576
5801,74992.75,0.077354141,11.22514629,1.33346E-05,5623912448
4485,48088.94922,0.093264669,10.7808075,2.07948E-05,2312547072
2413,24255.44922,0.099482797,10.09639645,4.12278E-05,588326848
7225,56062.75,0.128873453,10.93422699,1.78372E-05,3143032064
3159,11931.5,0.264761358,9.386937141,8.38118E-05,142360688
2015,23250.5,0.086664803,10.05408192,4.30098E-05,540585728
1521,9537.200195,0.159480765,9.162955284,0.000104853,90958184
1820,7757.200195,0.234620735,8.956377029,0.000128912,60174156
3328,67473,0.049323432,11.11948299,1.48207E-05,4552605696
2444,44948.5,0.054373339,10.71327305,2.22477E-05,2020367616
3445,11842,0.290913701,9.379407883,8.44452E-05,140232960
2054,12680.7002,0.161978438,9.447836876,7.886E-05,160800160
5826,36155.69922,0.161136419,10.49559021,2.76582E-05,1307234560
5108,71957.25,0.070986591,11.1838274,1.38971E-05,5177845760
1583,37575.5,0.042128514,10.53410721,2.66131E-05,1411918208
4355,36119.75,0.120571159,10.49459553,2.76857E-05,1304636288
8343,53232.25,0.156728297,10.88241959,1.87856E-05,2833672448
3211,6742.75,0.476215184,8.816223145,0.000148307,45464676
4497,36141.5,0.124427594,10.4951973,2.7669E-05,1306208000
11584,62565.39844,0.185150266,11.04396725,1.59833E-05,3914429184
5805,49525,0.117213525,10.81023312,2.01918E-05,2452725504
5759,33160.89844,0.173668399,10.40912628,3.0156E-05,1099645184
1650,28271.75,0.058362145,10.24961853,3.5371E-05,799291840
2020,24178.69922,0.083544612,10.09322739,4.13587E-05,584609472
3933,15227.2002,0.258287787,9.630838394,6.5672E-05,231867632
6344,46151,0.137461811,10.73967361,2.1668E-05,2129914752
2011,32764.25,0.061377876,10.39709282,3.05211E-05,1073496064
4586,32373.75,0.141657978,10.38510323,3.08892E-05,1048059712
3593,22461.75,0.159960821,10.0195694,4.45201E-05,504530208
3575,9593,0.372667581,9.16878891,0.000104243,92025648
3055,9442.450195,0.323538899,9.152970314,0.000105905,89159864
7144,13202,0.541130126,9.488123894,7.57461E-05,174292800
4030,24634.25,0.163593367,10.1118927,4.05939E-05,606846272
2928,35283.5,0.082984962,10.47117043,2.83419E-05,1244925312
5655,44800,0.126227677,10.7099638,2.23214E-05,2007040000
2093,11043.90039,0.18951638,9.309633255,9.05477E-05,121967736
4953,45654.5,0.108488761,10.72885704,2.19036E-05,2084333312
2379,5501.899902,0.432396084,8.612848282,0.000181755,30270902
4134,18123.5,0.228101641,9.804965019,5.5177E-05,328461248
2015,18007,0.111900926,9.798516273,5.5534E-05,324252064
5135,39302.75,0.130652443,10.57905006,2.54435E-05,1544706176
1859,14012.25,0.132669628,9.547687531,7.13661E-05,196343152
3865,26558.05078,0.145530254,10.18708801,3.76534E-05,705330048
2470,10926.40039,0.226057976,9.298936844,9.15214E-05,119386224
2753,25389.19922,0.108431935,10.14207935,3.93868E-05,644611456
3187,16446.90039,0.193775117,9.707892418,6.08017E-05,270500544
2249,8720.200195,0.257906914,9.073397636,0.000114676,76041888
2080,12976.5,0.16028975,9.470895767,7.70624E-05,168389552
1690,12941.75,0.130585119,9.468214035,7.72693E-05,167488896
4603,25020,0.183972821,10.12743092,3.9968E-05,626000384
1514,6430.200195,0.23545146,8.768760681,0.000155516,41347476
3808,18918.5,0.201284453,9.847895622,5.28583E-05,357909632
1385,24916.25,0.055586215,10.12327576,4.01345E-05,620819520
3458,55667.19922,0.062119167,10.92714596,1.79639E-05,3098836992
4345,51081.25,0.085060567,10.84117317,1.95767E-05,2609294080
4052,99833.75,0.040587477,11.51126194,1.00167E-05,9966777344
8912,31840,0.279899508,10.36847878,3.1407E-05,1013785600
5979,147498.2969,0.040536061,11.90157223,6.77974E-06,21755748352
2979,27912.75,0.106725425,10.23683929,3.58259E-05,779121600
2349,40044.25,0.058660109,10.59774017,2.49724E-05,1603542016
3484,24278.15039,0.143503517,10.097332,4.11893E-05,589428608
995,41614.25,0.023910079,10.63619804,2.40302E-05,1731745792
4264,50037.5,0.08521609,10.82052803,1.9985E-05,2503751424
4684,54306.75,0.086250789,10.90240383,1.84139E-05,2949223168
4436,27598,0.160736293,10.2254982,3.62345E-05,761649600
2119,18022.25,0.117576882,9.799362183,5.5487E-05,324801504
5935,34788.75,0.17060113,10.45704937,2.87449E-05,1210257152
2730,24502.80078,0.111415833,10.10654259,4.08117E-05,600387264
5900,51856.25,0.113776065,10.85623074,1.92841E-05,2689070592
1833,12160.2002,0.150737643,9.405923843,8.22355E-05,147870464
1690,19106.75,0.088450417,9.857796669,5.23375E-05,365067904
3415,40844.5,0.08360979,10.61752701,2.44831E-05,1668273152
2301,46170.75,0.049836747,10.74010181,2.16587E-05,2131738112
3835,66460.39844,0.057703536,11.10436153,1.50466E-05,4416984576
2665,22241.25,0.119822405,10.00970364,4.49615E-05,494673216
1052,15245,0.069006234,9.632006645,6.55953E-05,232410032
3510,10925.2998,0.321272641,9.298836708,9.15307E-05,119362176
2214,17671.40039,0.12528719,9.77970314,5.65886E-05,312278400
650,5666.200195,0.114715323,8.642273903,0.000176485,32105824
2236,25304.90039,0.088362329,10.13875294,3.9518E-05,640337984
1820,9394,0.193740681,9.147826195,0.000106451,88247232
2353,20356.94922,0.115587063,9.921177864,4.91233E-05,414405376
6045,32948,0.18347092,10.40268612,3.03509E-05,1085570688
793,7942.450195,0.099843241,8.979976654,0.000125906,63082516
1443,14554.90039,0.099141866,9.585682869,6.87054E-05,211845120
5236,24012.25,0.218055367,10.08631897,4.16454E-05,576588160
3200,25235.25,0.126806751,10.13599682,3.96271E-05,636817856
1768,17291.94922,0.102244109,9.757996559,5.78304E-05,299011520
2714,81645.75,0.033241168,11.31014538,1.2248E-05,6666028544
3765,46737.39844,0.080556475,10.75230026,2.13961E-05,2184384512
1950,15011.9502,0.129896507,9.616601944,6.66136E-05,225358656
5565,49860.5,0.111611396,10.81698418,2.0056E-05,2486069504
2539,10012,0.25359568,9.211539268,9.98801E-05,100240144
2739,15075.5,0.181685522,9.620825768,6.63328E-05,227270704
3185,7693,0.41401273,8.948065758,0.000129988,59182248
3259,18512.5,0.176043212,9.826201439,5.40176E-05,342712672
5066,46292.75,0.109433986,10.74274063,2.16017E-05,2143018752
5109,50769.5,0.100631282,10.83505058,1.96969E-05,2577542144
2205,36122.25,0.061042707,10.49466419,2.76838E-05,1304816896
3133,25598.15039,0.122391656,10.15027523,3.90653E-05,655265280
1454,8632.75,0.168428361,9.063318253,0.000115838,74524376
2350,15567.5,0.150955513,9.65294075,6.42364E-05,242347056
3965,16954,0.233868107,9.738259315,5.89831E-05,287438112
6013,47035.94922,0.127838388,10.75866699,2.12603E-05,2212380416
1664,38076.14844,0.043701898,10.54734325,2.62632E-05,1449793024
3034,18458.40039,0.164369613,9.823274612,5.41759E-05,340712544
1795,8092.200195,0.221818537,8.998656273,0.000123576,65483704
1622,38576.25,0.042046595,10.56039238,2.59227E-05,1488127104
2355,28692,0.082078628,10.26437378,3.48529E-05,823230848
1163,27210.5,0.042740855,10.21135807,3.67505E-05,740411328
2142,37484.75,0.057143237,10.53168964,2.66775E-05,1405106432
3518,15161.75,0.232031256,9.626530647,6.59554E-05,229878656
3445,32967.75,0.104496062,10.40328503,3.03327E-05,1086872576
4185,55021.25,0.076061524,10.91547489,1.81748E-05,3027337984
1478,7059.700195,0.209357336,8.862157822,0.000141649,49839368
1157,16714.25,0.069222368,9.724017143,5.98292E-05,279366144
8200,34580.75,0.237126142,10.45105267,2.89178E-05,1195828224
2015,14939.2002,0.134880051,9.611743927,6.6938E-05,223179696
1573,27056.40039,0.058137815,10.20567894,3.69598E-05,732048832
4719,15089.75,0.312728852,9.621770859,6.62701E-05,227700560
4681,56905,0.082259908,10.94913864,1.75731E-05,3238179072
4862,29527.75,0.164658666,10.29308605,3.38664E-05,871888000
2735,21281.75,0.128513873,9.965604782,4.69886E-05,452912896
7220,39487,0.182844982,10.58372688,2.53248E-05,1559223168
5590,24239.19922,0.230618179,10.09572601,4.12555E-05,587538752
4005,35465.94922,0.112925217,10.4763279,2.81961E-05,1257833600
5156,21981.75,0.23455821,9.99796772,4.54923E-05,483197344
1814,10334.2002,0.175533667,9.243213654,9.67661E-05,106795696
1950,15132.5,0.128861725,9.62460041,6.60829E-05,228992560
7319,41591,0.175975576,10.63563919,2.40437E-05,1729811328
2340,23260.25,0.100600809,10.05450153,4.29918E-05,541039232
1690,12882,0.131190807,9.463585854,7.76277E-05,165945920
5720,32149,0.177921548,10.37813663,3.11052E-05,1033558208
5116,16219.40039,0.31542474,9.693963051,6.16546E-05,263068944
3627,41605.25,0.087176502,10.63598156,2.40354E-05,1730996864
1209,8346.200195,0.144856334,9.029561996,0.000119815,69659056
1729,8549,0.202245876,9.053569794,0.000116973,73085400
4385,23818.25,0.18410252,10.07820702,4.19846E-05,567309056
6725,36216.75,0.185687557,10.49727726,2.76115E-05,1311652992
3664,42765.5,0.085676536,10.66348743,2.33833E-05,1828887936
1573,11238.90039,0.139960319,9.32713604,8.89767E-05,126312880
5439,59531.60156,0.091363236,10.9942627,1.67978E-05,3544011520
3490,31806,0.109727725,10.36741066,3.14406E-05,1011621632
5477,52217.75,0.104887709,10.8631773,1.91506E-05,2726693376
5960,73117.89844,0.08151219,11.19982815,1.36765E-05,5346227200
3515,31701,0.110879786,10.36410332,3.15447E-05,1004953408
1856,32760.5,0.056653593,10.39697838,3.05246E-05,1073250368
2878,18744.65039,0.153537139,9.838664055,5.33486E-05,351361920
2737,17948.5,0.152491853,9.795261383,5.5715E-05,322148640
4316,8016.5,0.538389564,8.989256859,0.000124743,64264272
3172,12833,0.247175246,9.459774971,7.79241E-05,164685888
2509,25582.80078,0.098073706,10.14967537,3.90888E-05,654479680
2961,36467.5,0.081195585,10.50417709,2.74217E-05,1329878528
2860,8706.200195,0.328501523,9.071790695,0.000114861,75797920
8588,94586.5,0.090795197,11.45726967,1.05723E-05,8946606080
2804,42899.5,0.065362066,10.66661549,2.33103E-05,1840367104
7410,74297.64844,0.099733979,11.21583462,1.34594E-05,5520140800
3965,17201,0.230509847,9.75272274,5.81362E-05,295874400
3499,25618,0.136583656,10.15105057,3.90351E-05,656281920
2925,14887.90039,0.196468264,9.608304024,6.71686E-05,221649584
4082,16308,0.250306606,9.699411392,6.13196E-05,265950864
15053,75042.75,0.200592324,11.22581291,1.33257E-05,5631414272
2854,68056,0.041936051,11.12808609,1.46938E-05,4631619072
7510,50796.75,0.147844106,10.8355875,1.96863E-05,2580309760
4562,15956.40039,0.28590408,9.677615166,6.26708E-05,254606720
2808,13820,0.203183785,9.533871651,7.23589E-05,190992400
2682,13985.2002,0.19177416,9.545755386,7.15042E-05,195585824
4100,22742.25,0.180281192,10.03197956,4.3971E-05,517209920
3732,17691.75,0.210945785,9.780853271,5.65235E-05,312998016
1582,30214,0.052359834,10.31606102,3.30972E-05,912885824
6675,57581.75,0.115922146,10.96096134,1.73666E-05,3315657984
1521,17272.69922,0.08805804,9.756882668,5.78948E-05,298346144
5496,31885.19922,0.172368377,10.36989689,3.13625E-05,1016665920
2340,14307,0.163556308,9.568504333,6.98959E-05,204690256
2365,22597,0.104659908,10.02557278,4.42537E-05,510624416
3628,46388.75,0.078208618,10.74481201,2.1557E-05,2151916032
1846,23365.5,0.079005368,10.05901623,4.27981E-05,545946560
3094,35127.89844,0.088078141,10.4667511,2.84674E-05,1233969280
5903,51768.5,0.114026867,10.85453701,1.93168E-05,2679977472
1594,9251.200195,0.172301963,9.132508278,0.000108094,85584704
5509,35662.5,0.154475987,10.48185539,2.80407E-05,1271813888
2353,34473.75,0.068254828,10.44795322,2.90076E-05,1188439424
2157,18748.09961,0.115051664,9.838848114,5.33387E-05,351491232
1664,60090.5,0.027691565,11.0036068,1.66416E-05,3610868224
1898,31137,0.060956419,10.34615231,3.21161E-05,969512768
3640,14366.09961,0.253374279,9.572626114,6.96083E-05,206384816
4511,25346.69922,0.177971885,10.14040375,3.94529E-05,642455168
3650,32174.75,0.113442995,10.37893772,3.10803E-05,1035214528
1222,16064.75,0.076067165,9.684382439,6.22481E-05,258076192
2171,16672,0.130218327,9.721486092,5.99808E-05,277955584
5621,45191.75,0.12438111,10.71866989,2.21279E-05,2042294272
3940,42039.19922,0.093722053,10.64635754,2.37873E-05,1767294208
2805,19664.65039,0.142641738,9.886577606,5.08527E-05,386698464
4368,24932.5,0.175193027,10.12392712,4.01083E-05,621629568
4308,29570.25,0.145686969,10.29452419,3.38178E-05,874399680
5304,23399.75,0.226669088,10.06048107,4.27355E-05,547548288
1261,13517.25,0.093288206,9.511721611,7.39795E-05,182716048
2600,23993.25,0.108363807,10.08552742,4.16784E-05,575676032
1248,18140.25,0.06879729,9.805888176,5.5126E-05,329068672
1430,9545.200195,0.149813518,9.163793564,0.000104765,91110848
1742,16041.5,0.108593337,9.682934761,6.23383E-05,257329728
4745,24424.80078,0.194269747,10.10335445,4.0942E-05,596570880
2231,28400.25,0.078555644,10.25415325,3.5211E-05,806574208
4290,25034.75,0.171361804,10.12802029,3.99445E-05,626738688
2217,28316.19922,0.078294404,10.25118923,3.53155E-05,801807168
6435,19001.25,0.338661939,9.852259636,5.26281E-05,361047488
946,27203.25,0.034775257,10.211092,3.67603E-05,740016832
1027,8016.25,0.12811476,8.989226341,0.000124747,64260264
1900,15198.5,0.125012338,9.628952026,6.5796E-05,230994400
1365,14068.75,0.097023547,9.551711082,7.10795E-05,197929728
1690,12037,0.140400425,9.395740509,8.30772E-05,144889376
3185,30454.75,0.104581386,10.3239975,3.28356E-05,927491776
2093,13876.90039,0.150826186,9.537981033,7.20622E-05,192568368
3380,10696.2002,0.316000074,9.277644157,9.34911E-05,114408696
4628,11010,0.420345128,9.306559563,9.08265E-05,121220096
5850,41383.5,0.141360685,10.63063717,2.41642E-05,1712594048
5888,37240.75,0.158106372,10.52515888,2.68523E-05,1386873472
4288,38327.5,0.111877896,10.55392265,2.60909E-05,1468997248
2585,54433.75,0.04748892,10.90473938,1.8371E-05,2963033088
1518,27174.19922,0.055861812,10.21002293,3.67996E-05,738437120
1417,14015.4502,0.10110271,9.547915459,7.13498E-05,196432848
2847,27353.5,0.104081742,10.21659946,3.65584E-05,748213952
2046,12944.2002,0.158063069,9.468402863,7.72547E-05,167552320
4940,19718.25,0.250529319,9.889300346,5.07144E-05,388809376
3690,21557.5,0.17117013,9.978479385,4.63876E-05,464725792
2730,22239,0.122757316,10.00960255,4.49661E-05,494573120
4134,31075.75,0.133029774,10.34418297,3.21794E-05,965702208
2585,32940,0.078476019,10.40244293,3.03582E-05,1085043584
3033,17809.65039,0.170300931,9.787495613,5.61493E-05,317183648
1658,13462,0.123161495,9.507626534,7.42832E-05,181225440
3660,16122.25,0.227015465,9.687955856,6.20261E-05,259926944
1951,20417.25,0.095556453,9.924135208,4.89782E-05,416864096
5967,36204.5,0.164813772,10.49693871,2.76209E-05,1310765824
1281,9871.25,0.1297708,9.197381973,0.000101304,97441576
2119,11891.75,0.178190768,9.383600235,8.40919E-05,141413712
3438,50736.75,0.067761533,10.8344059,1.97096E-05,2574217728
3029,32511.19922,0.093167894,10.38933945,3.07586E-05,1056978048
2145,29766.5,0.072060876,10.30113888,3.35948E-05,886044544
3943,17032.30078,0.231501311,9.742866516,5.8712E-05,290099264
4011,40275.75,0.099588461,10.60350513,2.48288E-05,1622136064
2816,24004.90039,0.117309384,10.08601284,4.16582E-05,576235264
4160,33884.25,0.122770905,10.43070602,2.95122E-05,1148142336
4095,16278,0.251566529,9.697569847,6.14326E-05,264973280
2236,11325.5,0.197430581,9.334812164,8.82963E-05,128266952
1683,7187.200195,0.234166294,8.880057335,0.000139136,51655848
8178,50433.5,0.162154123,10.8284111,1.98281E-05,2543537920
6209,70435.5,0.088151574,11.1624527,1.41974E-05,4961159680
2127,38352.5,0.055459227,10.55457497,2.60739E-05,1470914304
4545,27723.15039,0.163942412,10.23002338,3.60709E-05,768573056
4550,32810.5,0.138675123,10.39850426,3.0478E-05,1076528896
3224,14833.2002,0.217350259,9.604622841,6.74163E-05,220023824
5330,28464.5,0.187250793,10.25641251,3.51315E-05,810227776
4709,83157.5,0.056627482,11.32849121,1.20254E-05,6915169792
2771,18866.44922,0.146874487,9.845140457,5.30041E-05,355942912
2535,21823.25,0.116160519,9.990731239,4.58227E-05,476254240
7085,39124.75,0.181087419,10.57451057,2.55593E-05,1530746112
4599,45372.25,0.101361513,10.72265625,2.20399E-05,2058641024
5265,33933,0.155158699,10.43214321,2.94698E-05,1151448448
1326,29468.75,0.04499682,10.29108524,3.39343E-05,868407232
9523,79147,0.120320417,11.27906227,1.26347E-05,6264247808
3649,24190,0.150847465,10.09369469,4.13394E-05,585156096
1772,37006.75,0.047883157,10.51885605,2.70221E-05,1369499520
1066,4259.149902,0.250284702,8.356824875,0.000234789,18140358
3045,41346.25,0.073646337,10.6297369,2.4186E-05,1709512448
6695,25087.40039,0.266867042,10.13012123,3.98606E-05,629377664
2275,27216.25,0.08358977,10.21156979,3.67428E-05,740724288
3755,32779.5,0.114553303,10.39755821,3.05069E-05,1074495616
3406,21189.75,0.160738096,9.961273193,4.71926E-05,449005504
3150,29067,0.108370319,10.27735901,3.44033E-05,844890496
3510,11316.09961,0.310177535,9.333981514,8.83697E-05,128054112
5648,36103.19922,0.156440437,10.49413681,2.76984E-05,1303441024
3071,15389,0.199558124,9.641407967,6.49815E-05,236821328
910,27257.25,0.033385612,10.21307468,3.66875E-05,742957696
3484,26050.5,0.133740231,10.16779232,3.8387E-05,678628544
2847,22852.75,0.12458019,10.03682709,4.37584E-05,522248192
2015,10551,0.190977156,9.263976097,9.47777E-05,111323600
1495,6660.700195,0.224450871,8.803979874,0.000150134,44364928
3380,15878,0.212873161,9.672689438,6.29802E-05,252110880
6240,17131.25,0.364246637,9.748659134,5.83729E-05,293479712
2017,18219.5,0.110705562,9.810247421,5.48862E-05,331950176
2340,12045.40039,0.194265023,9.396438599,8.30192E-05,145091664
2288,10572.90039,0.216402307,9.266049385,9.45814E-05,111786224
4066,34645,0.117361814,10.45290852,2.88642E-05,1200275968
2809,19516.65039,0.143928394,9.879023552,5.12383E-05,380899648
5105,13932.59961,0.366406858,9.541986465,7.17741E-05,194117328
3289,14451.7002,0.227585673,9.578567505,6.9196E-05,208851632
3302,33694,0.097999647,10.42507553,2.96789E-05,1135285632
1989,35605,0.055862941,10.48024178,2.80859E-05,1267715968
3858,48376,0.079750292,10.78675938,2.06714E-05,2340237312
3055,19567.40039,0.156127021,9.881620407,5.11054E-05,382883168
4680,35761.64844,0.130866453,10.48463154,2.79629E-05,1278895488
5744,12930.59961,0.444217592,9.467351913,7.73359E-05,167200400
1482,6286,0.235762015,8.746080399,0.000159084,39513796
5376,25321.09961,0.212313056,10.13939285,3.94928E-05,641158080
2730,22167.25,0.123154655,10.0063715,4.51116E-05,491386976
5109,24243,0.210741252,10.09588337,4.1249E-05,587723072
6240,19433.25,0.321099132,9.874740601,5.14582E-05,377651200
3380,26851.65039,0.125876799,10.19808292,3.72417E-05,721011136
3809,25802,0.14762421,10.15820694,3.87567E-05,665743232
5460,26646.75,0.204903036,10.19042206,3.7528E-05,710049280
3355,26422.75,0.126973912,10.18198109,3.78462E-05,698161728
2932,11536.5,0.254149884,9.353271484,8.66814E-05,133090832
2223,16011.2002,0.138840303,9.681043625,6.24563E-05,256358528
7545,56547.25,0.133428246,10.94283199,1.76843E-05,3197591552
4510,22690.05078,0.198765531,10.02968216,4.40722E-05,514838400
2427,20391.19922,0.119021937,9.922858238,4.90408E-05,415800992
2432,10487.2002,0.23190175,9.257910728,9.53543E-05,109981368
1794,16993.90039,0.105567291,9.740610123,5.88446E-05,288792640
4355,25689.5,0.169524521,10.1538372,3.89264E-05,659950400
3367,19259.5,0.174822807,9.86575985,5.19224E-05,370928352
5709,57525.25,0.099243373,10.95997906,1.73837E-05,3309154304
2127,17801.5,0.119484313,9.787037849,5.6175E-05,316893408
3185,28134.75,0.113205202,10.24476051,3.55432E-05,791564160
2795,14364.75,0.194573522,9.572532654,6.96149E-05,206346048
2589,21640.19922,0.119638458,9.982308388,4.62103E-05,468298208
3892,20817,0.186962575,9.943525314,4.80377E-05,433347488
2362,55771.19922,0.042351607,10.92901325,1.79304E-05,3110426624
3115,31693.25,0.098285913,10.36385918,3.15525E-05,1004462080
3215,31859.25,0.100912608,10.3690834,3.13881E-05,1015011840
3581,27495.90039,0.130237594,10.22179222,3.63691E-05,756024512
2455,39715.25,0.061815046,10.58949089,2.51792E-05,1577301120
3328,22774.65039,0.146127373,10.0334034,4.39085E-05,518684704
5770,27933.25,0.20656386,10.23757267,3.57996E-05,780266432
3770,58874.75,0.064034246,10.98316765,1.69852E-05,3466236160
6850,39133,0.175044075,10.57472134,2.55539E-05,1531391744
3237,7603.600098,0.42571938,8.936377525,0.000131517,57814736
2509,29409,0.085314021,10.28905582,3.40032E-05,864889280
4686,29295.5,0.159956306,10.28518963,3.41349E-05,858226304
5377,44376.75,0.121167056,10.70047092,2.25343E-05,1969296000
1405,33106.5,0.042438798,10.40748501,3.02055E-05,1096040320
3874,21234.5,0.182438955,9.963382721,4.70932E-05,450904000
2954,59128.5,0.049958989,10.98746872,1.69123E-05,3496179456
2340,33427,0.070003293,10.41711903,2.99159E-05,1117364352
2886,10164,0.283943325,9.226607323,9.83865E-05,103306896
3757,14594.75,0.257421345,9.588417053,6.85178E-05,213006720
962,4744.200195,0.202773899,8.464677811,0.000210784,22507436
4859,49673.75,0.097818263,10.81323147,2.01314E-05,2467481344
4166,27826.75,0.149712056,10.2337532,3.59366E-05,774328000
3874,48830.44922,0.079335742,10.7961092,2.0479E-05,2384412672
3497,36195.94922,0.09661302,10.49670219,2.76274E-05,1310146688
3442,24978.5,0.137798503,10.12577057,4.00344E-05,623925440
4810,47800.25,0.100627087,10.774786,2.09204E-05,2284864000
5058,108752,0.046509489,11.5968256,9.19523E-06,11826997248
3075,52299.5,0.058795974,10.86474228,1.91206E-05,2735237632
3835,38342.5,0.100019559,10.55431461,2.60807E-05,1470147328
4663,19381,0.240596458,9.872048378,5.15969E-05,375623168
3991,35880.5,0.111230336,10.48794937,2.78703E-05,1287410304
6123,43687.69922,0.14015387,10.68482208,2.28897E-05,1908615040
3250,32937.89844,0.098670535,10.40237904,3.03602E-05,1084905216
4251,13341.25,0.318635821,9.498616219,7.49555E-05,177988944
5530,29296.5,0.188759744,10.28522301,3.41338E-05,858284928
5074,38602.5,0.131442264,10.56107235,2.59051E-05,1490152960
2625,30201.75,0.086915493,10.31565475,3.31107E-05,912145728
4095,14797.15039,0.276742488,9.602190018,6.75806E-05,218955664
2951,38528.55078,0.07659255,10.55915451,2.59548E-05,1484449280
5245,29055,0.1805197,10.27694607,3.44175E-05,844193024
3445,61303,0.056196272,11.02358437,1.63124E-05,3758057728
2730,27108.94922,0.100704752,10.20761871,3.68882E-05,734895104
7800,53495.5,0.145806655,10.88735294,1.86932E-05,2861768448
2171,16665.25,0.130271077,9.72108078,6.00051E-05,277730560
6501,65132.25,0.099812306,11.08417511,1.53534E-05,4242210048
2173,23903.30078,0.090907946,10.08177185,4.18352E-05,571367808
5175,36095.75,0.143368676,10.49393082,2.77041E-05,1302903168
2439,21246.59961,0.114794843,9.963952065,4.70664E-05,451417984
3352,42292,0.079258487,10.65235329,2.36451E-05,1788613248
1312,11176,0.117394418,9.321523666,8.94774E-05,124902976
1651,7542.200195,0.218901634,8.928269386,0.000132587,56884784
0,15210.4502,0,9.629737854,6.57443E-05,231357792
1352,5288.5,0.25564906,8.573289871,0.00018909,27968232
5624,58444.25,0.096228458,10.97582817,1.71103E-05,3415730432
2970,33295.25,0.089201912,10.41316986,3.00343E-05,1108573696
2665,30455.75,0.087503999,10.32402992,3.28345E-05,927552704
6472,60595.25,0.106807053,11.01197147,1.65029E-05,3671784448
5915,59623.75,0.099205434,10.99580956,1.67718E-05,3554991616
5046,19641.5,0.256905019,9.885399818,5.09126E-05,385788512
2051,13317.4502,0.154008463,9.49683094,7.50894E-05,177354480
1963,9261.700195,0.211948127,9.13364315,0.000107972,85779088
1937,17610.75,0.109989636,9.776265144,5.67835E-05,310138528
4613,35078.5,0.131505057,10.46534348,2.85075E-05,1230501120
3050,45469,0.067078672,10.7247858,2.1993E-05,2067430016
8855,59509.75,0.148799151,10.99389553,1.6804E-05,3541410304
4559,26852.09961,0.169781879,10.19809914,3.7241E-05,721035264
2249,51484.25,0.043683261,10.84903145,1.94234E-05,2650628096
2769,20194.75,0.137114838,9.91317749,4.95178E-05,407827936
5536,27750.75,0.1994901,10.23101807,3.60351E-05,770104128
1109,33555.25,0.033049971,10.42094898,2.98016E-05,1125954816
3900,27692.25,0.140833631,10.22890759,3.61112E-05,766860736
3980,70406.75,0.056528673,11.16204453,1.42032E-05,4957110272
1716,18102,0.094796158,9.803777695,5.52425E-05,327682400
4002,130773.2969,0.030602578,11.78122044,7.64682E-06,17101655040
1875,16636.75,0.112702303,9.719368935,6.01079E-05,276781440
7072,60462.75,0.116964579,11.00978279,1.65391E-05,3655744256
739,11653.2002,0.063416056,9.363336563,8.58133E-05,135797072
1820,19274.5,0.094425276,9.866538048,5.1882E-05,371506336
5043,47114,0.107038245,10.76032543,2.12251E-05,2219728896
2213,6117.200195,0.361766815,8.718859673,0.000163473,37420140
1861,29644.75,0.062776715,10.29703999,3.37328E-05,878811200
5200,57846.25,0.089893468,10.96554375,1.72872E-05,3346188544
4041,51033.25,0.079183668,10.84023285,1.95951E-05,2604392704
1379,11790,0.116963528,9.375006676,8.48176E-05,139004096
3185,24970.25,0.127551794,10.1254406,4.00477E-05,623513408
3471,32390.5,0.107161053,10.38562012,3.08732E-05,1049144512
2737,19277.75,0.141977146,9.866706848,5.18733E-05,371631648
4355,27778,0.156778753,10.2319994,3.59997E-05,771617280
2899,19595.5,0.147942126,9.883055687,5.10321E-05,383983616
2379,17761,0.133945167,9.784760475,5.63031E-05,315453120
5685,56883.5,0.099941105,10.94876099,1.75798E-05,3235732480
8775,66230.25,0.132492334,11.10089302,1.50988E-05,4386445824
4539,40616.5,0.111752614,10.61192989,2.46205E-05,1649700096
5519,80494.5,0.068563692,11.29594421,1.24232E-05,6479364608
1883,27704,0.067968525,10.22933197,3.60959E-05,767511616
6225,22815.15039,0.272845,10.03518009,4.38305E-05,520531072
1642,23390,0.070200942,10.06006432,4.27533E-05,547092096
3180,18091.80078,0.175770238,9.803214073,5.52737E-05,327313248
1675,13037,0.128480479,9.475546837,7.67048E-05,169963376
3321,27953.69922,0.118803598,10.23830509,3.57734E-05,781409280
3315,6979,0.474996418,8.850661278,0.000143287,48706440
1872,6941.600098,0.269678444,8.845287323,0.000144059,48185812
3835,46155.44922,0.083088778,10.73976994,2.16659E-05,2130325504
2266,34240.25,0.066179425,10.44115734,2.92054E-05,1172394752
2665,24484,0.108846597,10.10577488,4.0843E-05,599466240
3250,22375,0.145251393,10.01569939,4.46927E-05,500640640
4414,45915.60156,0.096132904,10.73456001,2.17791E-05,2108242432
4940,32787.94922,0.150665104,10.39781666,3.0499E-05,1075049600
5079,28016.75,0.181284413,10.24055767,3.56929E-05,784938304
5811,31922.19922,0.182036325,10.37105656,3.13262E-05,1019026816
4594,25357.25,0.18117106,10.14081955,3.94365E-05,642990144
2108,7313.600098,0.288230151,8.897490501,0.000136732,53488748