"Index","Mkt.RF","SMB","HML","RMW","CMA","RF","RFJ","JPY.r","Mkt.RFJ","SMBJ","HMLJ","RMWJ","CMAJ"
"1990-11-30",0.001,0.0627,0.0363,0.006,0.0024,0.0068,0.00613144473894756,-0.0236664162283998,0.0260977203245385,0.0642198537899192,0.0371799153520585,0.00614544055405925,0.0024581762216237
"1990-12-31",-0.1188,-0.0497,0.0033,0.0171,-0.0096,0.0066,0.00576529499923151,-0.0195211786372007,-0.10028933707286,-0.0506895191585274,0.00336570247933884,0.0174404583020285,-0.00979113448534936
"1991-01-31",-0.1738,0.0064,0.0014,-0.0112,-0.0011,0.006,0.00572460800374852,0.0327120578166604,-0.199885270987174,0.0061972744014733,0.00135565377532228,-0.0108452302025783,-0.00106515653775322
"1991-02-28",0.249,0.0071,-0.0455,-0.0012,0.0475,0.0068,0.00554207630141645,-0.0112824370063934,0.264588087258873,0.00718101939901103,-0.0460192088246482,-0.00121369341955116,0.0480420311905668
"1991-03-31",-0.1412,-0.052,-0.002,0.0386,-0.0218,0.0057,0.0056682422558394,-0.0544096728307255,-0.0914245416165013,-0.0549921022940955,-0.00211508085746521,0.0408210605490786,-0.0230543813463708
"1991-04-30",0.0193,-0.0611,-0.0361,0.0123,0.0187,0.006,0.00582003737952963,0.0309429535122452,-0.0112936220167984,-0.0592661308677098,-0.0350164864864865,0.0119308250355619,0.018138733997155
"1991-05-31",0.0119,-0.0773,0.0024,0.0218,0.0068,0.0052,0.00569094930623293,-0.0149512459371614,0.0268467761667104,-0.0784732732072151,0.00243642762868456,0.0221308842938847,0.00690321161460625
"1991-06-30",0.1229,0.1132,0.008,-0.0569,0.0074,0.0048,0.00587240297911862,0.00398839738941237,0.117347748700188,0.112750306970025,0.00796821957385338,-0.0566739617190322,0.00737060310581438
"1991-07-31",-0.0421,0.038,0.004,0.0167,-0.0126,0.0044,0.00553188138676064,0.0034929413476934,-0.0465814390372322,0.0378677302393038,0.00398607686729514,0.0166418709209572,-0.0125561421319797
"1991-08-31",0.0218,0.0141,0.015,0.0065,-0.0048,0.0053,0.00515701791270429,0.00416514431859705,0.0176827070181647,0.0140415150633096,0.0149377819822442,0.00647303885897249,-0.00478009023431815
"1991-09-30",-0.0203,-0.0074,0.004,0.0075,-0.0012,0.0047,0.00463420565965511,0.0301091456529921,-0.0490073149033525,-0.00718370478626233,0.00388308366824991,0.00728078187796858,-0.00116492510047497
"1991-10-31",-0.0709,0.0158,0.0357,0.0136,0.0029,0.0042,0.00447090549203288,0.0172281776416539,-0.0869776424133727,0.015532404968009,0.0350953707188559,0.0133696650357546,0.00285088445615356
"1991-11-30",0.0139,-0.0325,0.01,0.0087,0.003,0.0049,0.00445424197411581,0.00399753997539953,0.0102892802310912,-0.0323705972434916,0.00996018376722818,0.00866535987748852,0.00298805513016845
"1991-12-31",-0.0724,-0.0512,-0.0084,-0.0004,0.0007,0.0046,0.00409882385245774,0.0414731785428344,-0.109020564319863,-0.0491611316113161,-0.00806549815498155,-0.000384071340713407,0.000672124846248463
"1992-01-31",0.0866,0.0179,0.0008,-0.0251,0.0145,0.0046,0.00370521872071317,-0.00517722023098344,0.0931735643057077,0.0179931545236189,0.000804163330664531,-0.0252306244995997,0.0145754603682946
"1992-02-29",0.0406,0.0215,-0.0342,-0.0229,0.0006,0.0042,0.00383714178138872,-0.0278745644599304,0.0709212811576794,0.0221164874551971,-0.0351806451612903,-0.0235566308243728,0.000617204301075269
"1992-03-31",-0.0852,-0.0256,-0.0035,0.0011,0.004,0.0039,0.00375561185483475,-0.0283629250677098,-0.0582379657069447,-0.0263472861014324,-0.00360216802168022,0.00113210994967093,0.00411676345334882
"1992-04-30",0.025,0.0098,-0.0009,-0.0021,0.0138,0.0038,0.00357630967891565,-0.00285071267816983,0.0281648880339946,0.00982801685224195,-0.000902572976226302,-0.0021060036111947,0.0138394523021366
"1992-05-31",-0.0567,-0.0093,0.0191,0.0084,0.0107,0.0034,0.00375801083385396,0.043444227005871,-0.0964742523942442,-0.00891279069767442,0.0183047636909227,0.00805026256564141,0.0102545011252813
"1992-06-30",-0.0722,0.0301,-0.007,0.0107,0.0251,0.0028,0.00350015980532437,0.0149360451259237,-0.0865950952260682,0.0296570410958904,-0.00689698630136986,0.0105425362035225,0.0247306223091976
"1992-07-31",-0.1145,-0.0111,0.0231,0.0113,-0.0063,0.0034,0.00297419563553003,-0.0116215155084414,-0.103622364381061,-0.011230515611345,0.0233716135695559,0.0114328672439819,-0.0063740764280607
"1992-08-31",-0.077,-0.0344,0.0545,0.0467,0.0095,0.0032,0.00295322291876032,0.0357869052460349,-0.108753851108788,-0.0332114644680016,0.0526170003926188,0.0450864939144091,0.00917177071063997
"1992-09-30",0.0873,0.0538,-0.0241,-0.0136,-0.0019,0.0028,0.00288785389671098,0.0245833333333334,0.0610568390679085,0.0525091500610004,-0.0235217568117121,-0.0132736884912566,-0.00185441236274908
"1992-10-31",-0.0905,0.0013,0.0249,0.0235,0.0112,0.0032,0.00274161277124274,-0.02676399026764,-0.0649423627712428,0.00133575,0.02558475,0.02414625,0.011508
"1992-11-30",-0.0327,-0.0571,-0.0112,-0.0302,0.0436,0.0031,0.00281193474753327,-0.00900176820446874,-0.0235972713249865,-0.0576186699107867,-0.0113017356042174,-0.0304743227899432,0.0439960421735604
"1992-12-31",0.1637,-0.0518,-0.0659,-0.0442,0.001,0.0026,0.00279254099919224,-0.00344413295955137,0.167538233795857,-0.0519790226651664,-0.0661277527728661,-0.0443527567915126,0.00100345603600707
"1993-01-31",-0.0286,0.0346,-0.0014,-0.0212,0.0117,0.0026,0.00261133343887576,-0.000960230455309352,-0.0276751700428003,0.0346332559070885,-0.00140134561473769,-0.0212203764517421,0.0117112454945935
"1993-02-28",-0.0539,-0.0147,0.0118,0.0113,-0.0043,0.0023,0.00238106898683377,0.0581710414902625,-0.106117645765261,-0.0138918940545731,0.0111513163159158,0.010678802912699,-0.00406361526766424
"1993-03-31",0.0185,-0.0322,-0.014,0.0005,0.0083,0.0023,0.00265505036876146,0.0278503046127068,-0.00951432217231785,-0.0313275190516511,-0.0136206604572396,0.00048645215918713,0.00807510584250635
"1993-04-30",-0.0103,0.0225,0.0233,0.0216,-0.0023,0.0028,0.00253194171013194,0.0326233486114857,-0.0413876858354584,0.0217891644908616,0.0225638903394256,0.0209175979112272,-0.00222733681462141
"1993-05-31",-0.0087,-0.0178,0.0028,-0.0013,0.0051,0.0023,0.00259432674634197,0.0382569748996919,-0.0456058123219687,-0.0171441179113867,0.00269682753662263,-0.00125209849914622,0.00491207872741979
"1993-06-30",0.0435,0.0193,-0.0016,-0.0003,-0.0034,0.0022,0.00240623179286059,0.00346441947565546,0.0396835321336113,0.0192333675468881,-0.00159447606606326,-0.000298964262386862,-0.00338826164038444
"1993-07-31",0.1584,0.0024,0.037,0.0155,-0.0099,0.0025,0.00225189881268628,0.0166587339362207,0.139625863359598,0.00236067415730337,0.0363937265917603,0.0152460205992509,-0.0097377808988764
"1993-08-31",0.1668,0.0121,0.0381,-0.0151,0.0083,0.0024,0.00214289603824724,0.00305547598586831,0.163495523761848,0.0120631413612565,0.0379839409804855,-0.015054002855783,0.00827471680152309
"1993-09-30",0.0496,0.1223,-0.0183,-0.0338,0.0167,0.0022,0.00188940823325212,-0.0124469589816123,0.0631673090397356,0.123841449441421,-0.0185306502434832,-0.0342260097393297,0.0169104841019765
"1993-10-31",-0.0419,-0.0276,-0.0267,-0.0203,0.0151,0.0025,0.00162457198438704,-0.021227503461006,-0.0201911915034819,-0.028198585572843,-0.0272790664780764,-0.0207402640264026,0.0154274870344177
"1993-11-30",0.0671,-0.0469,0.0036,0.0007,0.0031,0.0024,0.00134336331631313,-0.00669233590025675,0.0753623127335254,-0.0472159852330411,0.00362425473004153,0.000704716197508076,0.00312088601753576
"1993-12-31",0.0215,-0.0048,0.0032,-0.004,-0.0091,0.0025,0.00119461952312516,-0.0234556848701881,0.0474009066961636,-0.00491529152915292,0.00327686101943528,-0.0040960762742941,-0.00931857352401907
"1994-01-31",-0.052,0.0101,-0.0065,0.0358,-0.0352,0.0026,0.00172029616407832,0.0274098601913171,-0.0764809765579905,0.00983054610564011,-0.0063265890778872,0.0348449059982095,-0.0342609131602507
"1994-02-28",-0.0256,-0.0744,0.0019,0.0089,0.0121,0.0022,0.0018608364546211,0.0431778929188256,-0.0656830218850847,-0.0713205298013245,0.00182135761589404,0.00853162251655629,0.0115991721854305
"1994-03-31",-0.1622,-0.0152,-0.0037,0.0464,-0.049,0.0025,0.00186981712232526,0.0177734375,-0.176244025527622,-0.0149345615045097,-0.00363538668201881,0.045589714066398,-0.048144310113222
"1994-04-30",0.02,-0.0063,0.0281,-0.0218,0.0239,0.0023,0.00187879690459614,0.00342969132778048,0.0169270136422788,-0.006278466796875,0.028003955078125,-0.02172548828125,0.023818310546875
"1994-05-31",0.1687,0.0107,0.0359,-0.043,0.0325,0.0025,0.00180856772531612,-0.0256826427343898,0.200263828159054,0.0109820480156786,0.0368463106320431,-0.0441334639882411,0.0333566878980892
"1994-06-30",0.0388,0.0114,0.0246,0.0001,0.0022,0.0021,0.00183307242722552,0.0632423104253375,-0.0228464484058393,0.0107219209471071,0.0231367767805996,0.0000940519381325186,0.00206914263891541
"1994-07-31",-0.0223,0.0557,0.0201,-0.0244,0.0051,0.0027,0.00189185682584836,-0.0153923038480759,-0.00616533159998289,0.0565707542381484,0.0204142219064054,-0.0247814435082733,0.00517972794640138
"1994-08-31",0.0329,0.0213,0,-0.0149,0.0184,0.0027,0.00218032960297032,-0.000599340725202402,0.0340407198722921,0.0213127736131934,0,-0.0149089355322339,0.0184110344827586
"1994-09-30",0.0123,-0.0181,0.0278,-0.0282,0.0266,0.0032,0.00204191148498034,0.0107016658253407,0.00270561623452825,-0.0179083508141045,0.027505643791829,-0.0279014084507042,0.0263183498152033
"1994-10-31",0.0602,0.047,0.0385,-0.0111,0.0072,0.0031,0.00222262729435707,0.0221878224974201,0.0379971606915086,0.045979808177688,0.0376643109540636,-0.0108590610802625,0.0070437152953054
"1994-11-30",-0.0411,0.0093,-0.0059,0.0134,-0.0129,0.0028,0.00208671683574346,-0.0203215043979376,-0.0204381409843503,0.00949291021671827,-0.00602238390092879,0.0136779566563467,-0.0131675851393189
"1994-12-31",-0.0029,-0.0221,0.006,0.0094,-0.0036,0.0037,0.00195794395607596,-0.00692771084337351,0.00582367569815512,-0.0222541704579921,0.00604185623293904,0.00946557476493782,-0.00362511373976342
"1995-01-31",-0.0322,-0.0147,0.0059,0.0145,-0.0004,0.0037,0.00193428864179812,0.00170974554963288,-0.0320924713727218,-0.0146749096385542,0.0058899297188755,0.0144752510040161,-0.000399317269076305
"1995-02-28",0.022,-0.0063,0.0095,-0.0275,0.0273,0.0038,0.00183960590102972,0.0292960662525881,-0.0052361662952769,-0.00612068792115056,0.00922960876998894,-0.0267172885447048,0.0265229809916524
"1995-03-31",-0.0655,-0.0195,-0.0009,0.0073,-0.003,0.0037,0.00134500553719774,0.112262521588947,-0.15783910491608,-0.0175318322981366,-0.00080916149068323,0.00656319875776397,-0.0026972049689441
"1995-04-30",0.0161,0.004,-0.0041,-0.0188,0.0187,0.0044,0.00111974480592369,0.0334364588291289,-0.013637649238854,0.00387058146229131,-0.00396734599884859,-0.0181917328727691,0.0180949683362119
"1995-05-31",-0.0685,0.0184,-0.0221,0.0252,-0.0262,0.0042,0.000738658376514767,-0.00720614294152389,-0.0582469282480046,0.0185335554497858,-0.0222604117087101,0.0253829128986197,-0.0263901713469776
"1995-06-30",-0.0561,-0.0098,0.0008,-0.0009,0.004,0.004,0.000642723113866595,-0.00153338051427221,-0.0512869995462353,-0.00981505020673361,0.000801228588304784,-0.000901382161842882,0.00400614294152392
"1995-07-31",0.086,-0.0317,0.0123,0.0205,-0.0037,0.0046,0.000480395343659845,-0.0402988453701608,0.135915028105267,-0.033031115829205,0.0128164897381458,0.021360816230243,-0.00385536683179995
"1995-08-31",0.0367,-0.0251,-0.0183,-0.0303,0.0125,0.0045,0.000493657454735619,-0.0962659846547314,0.151615239986967,-0.0277736585918044,-0.0202493208059769,-0.0335275639574372,0.0138315032827711
"1995-09-30",-0.0679,-0.0258,-0.0067,0.0179,-0.0061,0.0054,0.00019811731312247,-0.013622603430878,-0.0497505469806416,-0.0261563171355499,-0.00679253196930946,0.0181472122762148,-0.00618424552429668
"1995-10-31",-0.046,-0.0137,0.0193,0.0442,-0.022,0.0047,0.000175663516725821,-0.0309016233131234,-0.010905613062639,-0.0141368516649849,0.0199154187689203,0.045609404641776,-0.0227015136226034
"1995-11-30",0.059,-0.0049,-0.0244,-0.0575,0.0354,0.0045,0.000101609862326546,0.00451866404715129,0.0586144081310236,-0.0048779581459026,-0.0242902405632701,-0.0572413455896734,0.0352407588499902
"1995-12-31",-0.0308,0.0297,-0.0053,0.0012,0.0097,0.0047,0.000247163728529287,-0.0143299767621998,-0.0121883032177239,0.0301317878192534,-0.00537705304518664,0.00121744597249509,0.00984102161100196
"1996-01-31",-0.016,-0.0205,-0.0194,0.0249,-0.0114,0.0043,0.000371739013002026,-0.034315100514259,0.0230469770985393,-0.021228456622773,-0.0200893687064291,0.0257848082881487,-0.0118050929512006
"1996-02-29",-0.0432,0.0161,-0.0066,-0.0015,-0.0031,0.0047,0.000593061698706432,0.0174086757990868,-0.0555450953592955,0.0158245161290323,-0.00648706872370266,-0.00147433380084151,-0.00304695652173913
"1996-03-31",0.0409,0.0045,0.0045,-0.0602,0.0423,0.0042,0.00043645078320953,-0.0175700934579439,0.0633544548484495,0.0045804794520548,0.0045804794520548,-0.0612766362252664,0.0430565068493151
"1996-04-30",0.0435,0.0196,0.0257,-0.0288,0.0105,0.0049,0.00065596158031811,0.0226512472522222,0.0245224683262237,0.0191658691588785,0.0251307570093458,-0.0281620934579439,0.0102674299065421
"1996-05-31",-0.0167,0.0335,0.0204,-0.0002,0.0059,0.0043,0.000401611705561411,-0.0311139920362997,0.0189133457636157,0.0345757908821562,0.0210551084774921,-0.000206422632132276,0.00608946764790213
"1996-06-30",-0.0184,-0.0027,-0.003,0.0169,-0.0182,0.0039,0.000468789409945103,-0.0136097917427842,-0.00137128038133105,-0.00273725344939346,-0.00304139272154829,0.0171331789980554,-0.0184511158440596
"1996-07-31",0.026,-0.01,-0.0096,-0.0282,0.017,0.0039,0.000657616253170623,0.025381661515407,0.00374887808369451,-0.00975246620387285,-0.00936236755571794,-0.0275019546949214,0.0165791925465839
"1996-08-31",0.0638,0.0507,0.0125,-0.0005,0.0047,0.0046,0.000226384578974503,-0.0177552897884085,0.0874862687880762,0.0516164652992414,0.0127259529830477,-0.000509038119321907,0.00478495832162592
"1996-09-30",-0.0491,0.0112,0.0063,0.0071,-0.0023,0.0042,0.000346007440309437,-0.026421854008061,-0.0193256302553967,0.0115039558417663,0.00647097516099356,0.0072926862925483,-0.00236241950321987
"1996-10-31",-0.0003,-0.0131,0.0119,0.0188,-0.0075,0.004,0.000233034423470446,-0.0188065735126109,0.0227049234806944,-0.0133510882221227,0.0121280877742947,0.0191603403493059,-0.00764375279892521
"1996-11-30",-0.0517,-0.0106,0.0103,0.0386,-0.025,0.0045,0.000238852638503761,-0.000790305584826068,-0.0466852539039929,-0.0106083838650145,0.010308146585816,0.0386305299235434,-0.0250197732665436
"1996-12-31",-0.0472,0.006,-0.0044,-0.01,0.0014,0.0041,0.000254643060124904,-0.0163254729204458,-0.0274735313636022,0.00609957850368809,-0.00447302423603794,-0.0101659641728135,0.00142323498419389
"1997-01-31",0.0244,-0.0468,0.0043,-0.0033,0.0088,0.0044,0.000243839383674338,-0.0451958762886597,0.0772546489984625,-0.0490152889349572,0.00450354150470761,-0.00345620627105468,0.0092165500561458
"1997-02-28",-0.0728,0.0058,0.0045,0.007,-0.0014,0.0042,0.000275415753981489,0.00347595795746081,-0.0721017085374865,0.00577990927835052,0.00448441237113402,0.00697575257731959,-0.00139515051546392
"1997-03-31",0.0022,-0.0478,0.0137,0.0149,-0.0145,0.0041,0.000420691901153569,-0.02335919818946,0.0299478920597833,-0.0489432756765704,0.0140276752462137,0.0152563767276339,-0.0148468095671605
"1997-04-30",-0.0752,-0.0428,0.0202,0.0549,-0.045,0.0046,0.000573189538663588,-0.0260568369676455,-0.0463080585978293,-0.0439450695118008,0.0207404300032331,0.0563687924345296,-0.0462039282250242
"1997-05-31",-0.1118,0.0099,0.0109,0.0516,-0.0314,0.0045,0.000626999932236139,0.0913230240549827,-0.182629046692844,0.00907155789970873,0.00998787687947729,0.0472820593560576,-0.0287724159647327
"1997-06-30",0.0146,-0.0279,-0.005,-0.0206,0.0102,0.0039,0.000526804274725956,0.0156181834045896,0.00231069572527387,-0.0274709536082474,-0.00492310996563574,-0.0202832130584192,0.0100431443298969
"1997-07-31",-0.041,-0.0399,0.0167,0.0225,-0.0117,0.0043,0.000385846785033506,-0.0317648052716061,-0.00548295000464782,-0.0412089957246314,0.0172478754035424,0.0232381554838147,-0.0120838408515836
"1997-08-31",0.0149,-0.0517,-0.0018,0.0122,-0.0143,0.0043,0.000350158186449567,-0.0188976377952755,0.0384813024877075,-0.0526958266452648,-0.0018346709470305,0.0124349919743178,-0.0145754414125201
"1997-09-30",0.1305,0.0373,-0.0438,-0.0143,0.0051,0.0049,0.000395803894882363,-0.000497059067185779,0.13556883763019,0.0373185495234148,-0.0438217820140903,-0.0143071114794861,0.00510253626191463
"1997-10-31",0.0544,-0.0328,-0.0067,-0.0196,0.0186,0.0037,0.000369249178977293,0.00265802807542159,0.0549257470930797,-0.0327130478005136,-0.00668223842266589,-0.0195480407588435,0.0185506917405352
"1997-11-30",-0.0444,-0.0749,-0.0226,0.0528,-0.0624,0.0043,0.000297014323016986,-0.0575387505871302,0.0182063995817925,-0.0794727635185647,-0.0239797657612759,0.0560235235484675,-0.066209618739098
"1997-12-31",-0.0983,-0.0132,0.0027,-0.0156,0.0337,0.0041,0.000467131298511836,-0.0207742430049825,-0.0754506133714729,-0.0134800375763269,0.0027572804133396,-0.0159309534992954,0.0344149444183498
"1998-01-31",-0.0296,-0.1153,-0.0197,0.0337,-0.0577,0.0044,0.000535089092635443,0.0263571990558613,-0.0507682818868093,-0.112339057110004,-0.0191940973553086,0.0328345726331928,-0.0562182445381372
"1998-02-28",-0.0807,0.0814,-0.0086,0.0375,0.0214,0.0042,0.000450548521388372,0.00777037741833175,-0.0840711622113962,0.0807723682140047,-0.00853369000786782,0.0372108575924469,0.0212349960660897
"1998-03-31",-0.0835,-0.0974,-0.032,0.0314,-0.0554,0.0039,0.000446402354642883,-0.0537924825568309,-0.0277210931253374,-0.102937250237869,-0.0338192197906756,0.0331851094196004,-0.058549524262607
"1998-04-30",-0.0812,-0.0655,-0.0179,0.0332,-0.0518,0.0048,0.000364269306417642,0.00695021530558271,-0.0831391811527675,-0.0650479030684973,-0.0177764498462,0.0329708455247956,-0.0514424638007352
"1998-05-31",0.1055,0.131,0.0195,-0.0626,0.0681,0.0043,0.000320268584823147,-0.0442599277978339,0.160874110806277,0.137066555866133,0.0204030369419053,-0.0654989801314497,0.0712536828586538
"1998-06-30",0.0082,0.0443,0.0101,-0.0327,0.0488,0.0039,0.000384187160732408,0.00151854797888507,0.0101812207815057,0.0442328303249097,0.0100846859205776,-0.0326504187725632,0.0487260072202166
"1998-07-31",-0.0692,-0.0234,0.0122,0.0349,-0.0131,0.0039,0.000361779267874951,-0.043968199101279,-0.0226746363074294,-0.0244761732590932,0.0127610817846554,0.0365050618265963,-0.0137024730638513
"1998-08-31",-0.0229,-0.0264,-0.0183,0.0311,-0.029,0.0043,0.000308642197236475,0.0266146202980837,-0.0443510894837902,-0.0257155893536122,-0.0178255789837539,0.0302937435188386,-0.0282481852748012
"1998-09-30",-0.049,0.0047,0.0057,0.0122,0.0012,0.004,0.000222228179194373,0.0315542865509921,-0.0744347902799752,0.00455623136976579,0.00552564229950319,0.0118268133427963,0.00116329311568488
"1998-10-31",0.0031,0.0019,0.0034,-0.0055,-0.0016,0.0041,0.000181485403798254,0.172949763847145,-0.141491683807781,0.00161984771945238,0.00289867486638846,-0.00468903287209898,-0.00136408229006516
"1998-11-30",-0.0163,0.005,-0.0165,0.0331,-0.0237,0.004,0.000166514083820735,-0.054865676487298,0.0448701282519457,0.00529025332760842,-0.0174578359811078,0.0350214770287677,-0.0250758007728639
"1998-12-31",-0.0926,0.0123,-0.0158,0.0383,-0.0077,0.0043,0.000477079513715228,0.0895825963919348,-0.163734639776681,0.0112887265644022,-0.0145009658306956,0.0351510753997241,-0.00706692638584531
"1999-01-31",-0.0391,-0.0233,-0.024,0.0169,-0.01,0.0046,0.000411567089638964,-0.0251724137931034,-0.00998001420672434,-0.0239016625397948,-0.0246197382384153,0.0173363990095508,-0.0102582242660064
"1999-02-28",0.1612,-0.0468,0.0165,-0.0809,0.0528,0.0032,0.000239683781690703,-0.0227464195450717,0.191262730011413,-0.0478893103448276,0.0168840517241379,-0.0827830172413793,0.0540289655172414
"1999-03-31",0.0363,0.0216,0.0209,-0.0095,-0.0275,0.0031,0.000175663516725821,0.00227982774634805,0.0368600736357596,0.0215508677337826,0.0208524599831508,-0.00947839090143218,-0.0274374473462511
"1999-04-30",0.0278,-0.0018,-0.0198,0.0494,-0.0322,0.0038,0.000111598143378577,-0.00837310558486137,0.0401990326089647,-0.00181519885164232,-0.0199671873680655,0.049817124039517,-0.0324718905682682
"1999-05-31",0.0079,-0.0083,-0.0042,-0.0149,0.0004,0.0035,0.0000716384335668341,-0.0119953673064196,0.0236077720998,-0.00840077032571381,-0.00425099221301181,-0.0150809009461609,0.00040485640123922
"1999-06-30",-0.026,0.029,-0.0457,0.0237,-0.0242,0.0035,0.000200611837149145,-0.000496113775425799,-0.0222154199112724,0.0290143944407677,-0.0457226836532098,0.0237117637326274,-0.0242120119126406
"1999-07-31",0.1361,0.0022,0.016,-0.0015,-0.0234,0.0043,0.000170673031093083,0.0544027898866608,0.0813894394213626,0.00208648916818257,0.0151744666776914,-0.00142260625103357,-0.0221926575161237
"1999-08-31",0.0467,0.0563,0.0389,-0.0123,0.0077,0.0037,0.000118256387853233,0.049405306495883,0.000829607605171923,0.053649433304272,0.0370686137750654,-0.0117209241499564,0.00733748910200523
"1999-09-30",-0.0532,-0.0038,-0.0119,0.0255,-0.0041,0.0034,0.00011243045060394,0.0232166260999811,-0.0714723206610338,-0.00371377859103385,-0.0116299908508692,0.0249214089661482,-0.00400697163769442
"1999-10-31",0.1047,0.0851,-0.0601,0.0879,-0.1049,0.004,0.000105771779452368,0.024259277016013,0.0823349977393644,0.0830844317543531,-0.0586765493353305,0.0858181145852837,-0.102415474630219
"1999-11-30",0.0994,-0.0354,0.0054,-0.0043,-0.0178,0.0038,0.000159859372473203,0.0244597249508842,0.076700434040126,-0.0345547991178445,0.00527107105187458,-0.00419733435612235,-0.0173750119858088
"1999-12-31",0.028,0.0107,0.0004,-0.0082,-0.0135,0.0039,0.000153204174030863,-0.00352388410336724,0.0353959510322559,0.0107378388998035,0.000401414538310413,-0.00822899803536346,-0.0135477406679764
"2000-01-31",0.0682,-0.0331,-0.0389,0.0226,-0.0372,0.0039,0.000159859372473203,-0.048169197801174,0.126195788630659,-0.0347750880971026,-0.0408686080657792,0.0237437157400157,-0.0390825763508222
"2000-02-29",0.0621,-0.0659,-0.0571,0.0193,-0.0407,0.0039,0.000159859372473203,-0.0232071350564251,0.0911667035642638,-0.0674656852697289,-0.0584566104537408,0.0197585390850647,-0.0416669710239448
"2000-03-31",0.0724,-0.0716,-0.1425,0.0856,-0.1299,0.0036,0.000213083430857353,0.0695999221259611,0.00577053506204428,-0.0669409173643975,-0.133227384419367,0.0800299235529669,-0.121447278849654
"2000-04-30",0.0361,-0.0892,-0.0824,0.0449,-0.0892,0.0044,0.00019811731312247,-0.0486201148360808,0.093476466547483,-0.0937585515428794,-0.0866110386449917,0.0471946072228171,-0.0937585515428794
"2000-05-31",-0.0536,0.0272,0.0632,-0.0352,0.0463,0.0041,0.000174831788141594,0.00222758492667552,-0.0517874452350764,0.0271395443600667,0.0630595295425079,-0.035121763289498,0.0461970920540841
"2000-06-30",-0.0172,0.016,-0.0786,0.0239,-0.0676,0.0043,0.000262952707112074,0.0150744299981156,-0.0278219465812535,0.0157623909411546,-0.0774327454984221,0.0235450714683497,-0.0665961017263783
"2000-07-31",0.061,0.0152,0.0603,-0.0064,0.0612,0.0047,0.000243008278470569,-0.0322757111597374,0.101000406079924,0.0157069530808366,0.0623111362351611,-0.00661345392877332,0.0632411531938949
"2000-08-31",-0.0909,-0.03,0.0244,0.0243,0.019,0.0046,0.000390825476227707,0.0283142696418526,-0.111849231749021,-0.0291739606126915,0.0237281546316557,0.0236309080962801,0.0184768417213713
"2000-09-30",-0.0755,0.0645,0.1005,-0.0353,0.0711,0.005,0.000414885308843926,-0.0114921223354959,-0.0601087724267887,0.0652498593662104,0.101668385524095,-0.0357103881492593,0.0719265891618226
"2000-10-31",0.0592,0.0406,0.0611,-0.0003,0.0217,0.004,0.000377548360648072,-0.0114521300961978,0.0751394117876372,0.0410703429101019,0.0618078313253012,-0.000303475440222428,0.021951390176089
"2000-11-30",-0.1228,0.004,0.0449,0.0121,-0.0148,0.0048,0.000382527506144426,-0.0160461552330299,-0.103999018573483,0.00406523133302794,0.0456322217132387,0.0122973247824095,-0.0150413559322034
"2000-12-31",0.0646,-0.0007,-0.0351,-0.0655,0.0292,0.005,0.000390825476227707,-0.0299081766506338,0.10218521346725,-0.00072158117731903,-0.0361821418912828,-0.0675193815919949,0.0301002433967367
"2001-01-31",-0.0482,-0.0145,0.0605,-0.0023,-0.0036,0.0051,0.000301167305922556,-0.0175272789758572,-0.0263301047785941,-0.0147586794927853,0.0615793178836904,-0.00234103191954526,-0.00366422387407084
"2001-02-28",-0.0757,-0.0406,0.0796,-0.0161,0.0098,0.0056,0.000188970139474609,-0.0075886766712141,-0.0631782991196275,-0.0409104562247616,0.0802086777214537,-0.0162231119511986,0.00987493770942521
"2001-03-31",-0.0303,0.0285,0.0581,0.0092,0.002,0.0051,0.0000624785259140115,-0.0657957623068345,0.0433924327974149,0.0305072476125512,0.0621919679399727,0.00984795361527967,0.00214085948158254
"2001-04-30",-0.0989,0.0031,0.0779,-0.0318,0.0318,0.005,0.0000374922678478828,0.0159423808367727,-0.108156203435603,0.00305135415007169,0.0766775768679305,-0.0313009877329935,0.0313009877329935
"2001-05-31",-0.0079,0.0022,-0.0579,0.0162,-0.002,0.0054,0.0000166651390840489,0.0394515477792732,-0.0403759756513443,0.00211650076879501,-0.0557024520514688,0.0155851420247633,-0.00192409160799547
"2001-06-30",-0.0552,0.0611,0.0626,-0.0185,0.0146,0.0038,0.0000258296635740063,-0.0469013068227372,-0.00474590032306255,0.0641066874158816,0.065680501345895,-0.0194103718034993,0.0153184555854643
"2001-07-31",-0.0421,0.0102,0.0051,0.0213,-0.0086,0.0042,0.0000424900688607011,-0.00215999999999994,-0.0358598555783614,0.010222079692135,0.00511103984606751,0.0213461075923996,-0.00861861621101579
"2001-08-31",0.087,0.0131,0.0471,-0.015,0.0373,0.0039,0.000031661152727569,0.0526315789473684,0.0363233388472726,0.012445,0.044745,-0.01425,0.035435
"2001-09-30",-0.0013,0.028,-0.0079,0.0106,-0.031,0.0032,0.0000241634551088055,-0.00402583242472543,0.00592562180804923,0.0281131789473684,-0.00793193263157895,0.0106428463157895,-0.0311253052631579
"2001-10-31",-0.0534,0.025,0.0647,-0.0339,0.0141,0.0028,0.0000283289190143865,-0.0270115880528807,-0.0242715898432784,0.0256940367357209,0.0664961670720456,-0.0348411138136375,0.0144914367189466
"2001-11-30",-0.0893,0.0008,0.0641,-0.0119,0.0207,0.003,0.0000383252537632384,-0.00551858464534971,-0.0812680135188196,0.000804439366737392,0.0644557042598335,-0.0119660355802187,0.02081486861433
"2001-12-31",-0.0271,0.0354,0.0824,-0.0413,0.0464,0.0031,0.0000391582320464767,-0.0596764346764346,0.0379014358273593,0.0376466158091219,0.0876294108099334,-0.0439210517773089,0.0493447167667586
"2002-01-31",-0.0769,-0.0086,-0.0032,0.0186,-0.0319,0.0028,0.0000199978003372348,-0.0225272266149487,-0.052781337849177,-0.00879819902319902,-0.00327374847374847,0.019028663003663,-0.0326351800976801
"2002-02-28",0.008,0.0216,-0.0454,0.0151,-0.0209,0.0022,0.0000283289190143865,0.000746491489996837,0.0094181278913692,0.0215838878114277,-0.045366134566612,0.0150887363866925,-0.020884409965687
"2002-03-31",-0.018,-0.0393,-0.032,0.0091,-0.0251,0.0017,0.0000208309465616896,0.00949510173323298,-0.0255733092983086,-0.0389303523439833,-0.0316990146312332,0.00901440728575694,-0.0248639146013735
"2002-04-30",-0.0823,-0.0326,0.0164,-0.0075,-0.004,0.0015,0.0000249965631586857,0.0330868042039705,-0.110264333413197,-0.0315559155990957,0.0158747550866616,-0.00725979653353429,-0.00387189148455162
"2002-05-31",-0.0782,0.0229,0.0153,-0.0024,-0.0026,0.0014,0.0000216640851509187,0.0348022234753886,-0.107870507993286,0.0221298326196964,0.0147854340210199,-0.00231928376800311,-0.00251255741533671
"2002-06-30",0.0508,0.0111,0.0307,-0.0253,0.0202,0.0013,0.0000233303394243656,0.0357113057989153,0.0158002820024752,0.0107172722146137,0.0296414645935713,-0.0244276564891646,0.0195035043905583
"2002-07-31",0.0563,-0.0104,-0.0559,0.0325,-0.0249,0.0013,0.0000158319546812447,0.000667946898221583,0.0568782189422734,-0.0103930579891531,-0.055862686691698,0.0324783062161035,-0.02488337922403
"2002-08-31",0.0521,0.0068,-0.0126,0.003,0.0119,0.0015,0.00000583314618896047,0.00850454698551695,0.044709337597737,0.00674265675878768,-0.0124937463471654,0.00297470151122986,0.0117996493278784
"2002-09-30",0.071,0.0211,0.0274,-0.0064,0.0151,0.0014,0.00000749969064273159,-0.0244783965828813,0.0993018300500104,0.0216294543617379,0.028087537891546,-0.00656059279218592,0.0154788986190637
"2002-10-31",-0.0479,0.02,0.0161,0.0016,-0.0023,0.0013,0.0000141655629670723,-0.00847043492425492,-0.0384694637394086,0.0201708559224577,0.0162375390175784,0.00161366847379662,-0.00231964843108264
"2002-11-30",-0.0604,0.0418,0.0319,0.0006,0.016,0.0015,0.0000141655629670723,0.000488917861799276,-0.0593740613114604,0.0417795732203942,0.0318844111418798,0.000599706792637237,0.015992181136993
"2002-12-31",-0.0142,-0.0093,0.018,-0.0082,0.0173,0.0014,0.0000141655629670723,0.0334315789473683,-0.0447501499175953,-0.00899914439374185,0.0174176988265971,-0.0079347294654498,0.0167403438722295
"2003-01-31",-0.0494,0.002,0.0397,-0.0388,0.0358,0.0014,0.0000141655629670723,-0.0100866955651883,-0.0383137866155989,0.00202037894736842,0.0401045221052631,-0.0391953515789474,0.0361647831578947
"2003-02-28",-0.0677,-0.0184,0.0126,0.0151,0.003,0.0014,0.0000166651390840489,0.0147183217729656,-0.0798598295272135,-0.0181331110370123,0.0124172390796932,0.0148809769923308,0.00295648549516506
"2003-03-31",0.0303,-0.0588,-0.009,0.0118,-0.0139,0.0012,0.000022497216105144,0.00127043279410533,0.0301687140848592,-0.0587253933344612,-0.00898858061241753,0.0117850279140585,-0.0138823633902893
"2003-04-30",-0.0242,0.0217,0.0123,-0.0047,0.0267,0.0011,0.0000166651390840489,-0.00839842109683375,-0.014842759828675,0.0218837892775472,0.0124041754891166,-0.0047398068942153,0.0269261370373507
"2003-05-31",-0.0341,0.0406,0.0168,0.0049,0.0195,0.001,0.0000141655629670723,-0.00359832635983282,-0.0296223792187997,0.0407466196355085,0.0168606701940035,0.00491769547325103,0.019570420760897
"2003-06-30",0.0146,0.0347,0.0583,-0.0052,0.0393,0.0009,0.00000583314618896047,-0.00308667723366973,0.0186383927952334,0.0348074393305439,0.058480510460251,-0.00521610041841004,0.0394216820083682
"2003-07-31",-0.0293,0.0355,0.0183,0.0003,0.0114,0.001,0.00000833295141333679,-0.00456734761667499,-0.0238498779585042,0.0356628847918578,0.0183839659631267,0.000301376491198799,0.0114523066655544
"2003-08-31",0.0109,0.0355,0.0014,0.0379,0.029,0.001,0.0000266627563549893,0.0317881929569017,-0.019302123643251,0.0344062863311742,0.0013568676299618,0.0367323451253945,0.0281065437634944
"2003-09-30",0.0453,0.0185,-0.0219,0.0033,-0.0182,0.0009,0.0000416571211045991,0.0473840078973344,-0.00117210009942692,0.0176630537229029,-0.0209092365692743,0.0031507068803016,-0.0173766258246937
"2003-10-31",0.0712,0.0062,0.0194,-0.0047,0.0143,0.001,0.0000241634551088055,0.012079927338783,0.0593783313847007,0.00612599838463609,0.0191684465583775,-0.00464390200125639,0.0141293188548865
"2003-11-30",0.0347,-0.0133,-0.0056,-0.0153,0.0128,0.0007,0.0000149987626423265,0.00520405368392218,0.0300246197659679,-0.0132311444141689,-0.00557100817438692,-0.0152207901907357,0.0127337329700272
"2003-12-31",0.0979,-0.0097,0.0243,-0.019,0.0409,0.0007,0.0000166651390840489,0.0224026883225987,0.0745110259044657,-0.00948745549164613,0.0237675431388661,-0.0185836757052862,0.0400038071761161
"2004-01-31",0.0748,0.0277,-0.0168,0.003,-0.0299,0.0008,0.0000141655629670723,0.0121882086167802,0.0626340562236471,0.0273664519742369,-0.0165977037244469,0.00296387566507981,-0.0295399607952954
"2004-02-29",0.0416,0.0356,-0.0284,-0.0024,-0.0028,0.0007,0.0000149987626423265,-0.0313014827018122,0.0759647631421196,0.0367503401360544,-0.0293176870748299,-0.00247755102040816,-0.00289047619047619
"2004-03-31",-0.0387,-0.0342,-0.002,-0.0005,-0.0165,0.0007,0.0000166651390840489,0.0487617584949125,-0.0827444703743025,-0.0326098846787479,-0.00190701079992678,-0.000476752699981695,-0.0157328390993959
"2004-04-30",0.0647,-0.0134,0.0279,-0.0087,0.0079,0.0008,0.0000166651390840489,-0.0560840808190631,0.128791503415341,-0.0141961796889998,0.0295577174121712,-0.00921692263390286,0.00836938951814168
"2004-05-31",0.0198,0.0498,0.0024,0.0074,0.0051,0.0007,0.0000158319546812447,0.00172445089852968,0.018727395371585,0.0497142701821147,0.00239586844251155,0.00738726103107729,0.00509122044033705
"2004-06-30",-0.0008,-0.002,0.0231,-0.0006,-0.0294,0.0006,0.0000358262731201542,0.00685369642693967,-0.007041507885028,-0.00198638591395898,0.0229427573062262,-0.000595915774187693,-0.029199872935197
"2004-07-31",0.1503,0.0821,0.0352,-0.0122,-0.0027,0.0009,0.0000416571211045991,-0.0175958344555165,0.171777478399319,0.0835704925523165,0.0358304669651832,-0.0124185141186146,-0.00274835968198849
"2004-08-31",-0.0454,0.0732,-0.0381,0.0405,-0.0182,0.0008,0.0000233303394243656,0.0219266055045872,-0.0651225313449006,0.0716294101804471,-0.0372825208726097,0.0396310261244277,-0.0178094981596194
"2004-09-30",-0.0335,-0.0322,0.0025,-0.0094,-0.0038,0.0006,0.0000249965631586857,-0.0108892921960072,-0.0222780240860945,-0.032554495412844,0.00252752293577982,-0.00950348623853211,-0.00384183486238532
"2004-10-31",0.0539,0.059,-0.0114,0.0288,-0.029,0.0008,0.0000141655629670723,0.0392304790645039,0.0148713879760529,0.05677277676951,-0.0109696551724138,0.0277128130671506,-0.0279052631578947
"2004-11-30",-0.0678,-0.0079,0.0465,-0.0096,-0.0038,0.001,0.00000583314618896047,0.029114906832298,-0.0932071911243102,-0.00767649943417578,0.0451844586948322,-0.00932840437570728,-0.00369249339871747
"2004-12-31",0.0099,0.0047,-0.0111,0.0079,-0.0004,0.0011,0.00000583314618896047,0.00350603817686013,0.00746194635691677,0.00468357919254658,-0.0110612189440994,0.00787239906832298,-0.00039860248447205
"2005-01-31",-0.0318,-0.0099,0.0318,-0.007,0.0181,0.0011,0.00000499986250535045,-0.00840173829068069,-0.0224921930841651,-0.00998388196338138,0.0320694390338917,-0.00705931047915855,0.0182533599532528
"2005-02-28",0.0238,-0.0023,0.0041,-0.013,0.0098,0.0011,0.00000583314618896047,-0.00671462829736214,0.0318225106490793,-0.00231554804442298,0.0041277160791888,-0.0130878802510864,0.00986624818928054
"2005-03-31",0.0381,-0.0083,-0.004,-0.0283,0.0158,0.0015,0.00000833295141333679,-0.0277000559597089,0.0692090483435508,-0.00853646043165468,-0.00411395683453237,-0.0291062446043165,0.0162501294964029
"2005-04-30",0.0503,-0.0077,0.0091,-0.0156,-0.0082,0.0016,0.00000583314618896047,0.0246559633027523,0.0265826391537551,-0.0075147174034695,0.00888102965864578,-0.0152246222719642,-0.00800268606603246
"2005-05-31",-0.012,0.0663,0.0054,0.0052,0.0129,0.0016,0.00000583314618896047,-0.0308419005279245,0.0210865980464716,0.0684098910550459,0.00557184633027523,0.00536548165137615,0.0133105217889908
"2005-06-30",0.0171,0.0204,0.0228,-0.0039,0.0193,0.0016,0.00000749969064273159,-0.0265079794427914,0.0464314833602046,0.0209554876354543,0.0234208391219783,-0.00400619616560156,0.0198255348707974
"2005-07-31",-0.0151,0.0206,0.0344,-0.0107,0.0076,0.0021,0.0000124991407073338,-0.0119376391982183,-0.00108769524565733,0.020848886484537,0.0348156162654404,-0.0108292759895411,0.0076918221981787
"2005-08-31",-0.0217,0.0274,0.0047,0.0096,-0.0088,0.0021,0.0000241634551088055,0.0127210393359798,-0.0319392102257102,0.0270558218262806,0.00464096213808463,0.00947941202672606,-0.00868946102449889
"2005-09-30",-0.0261,-0.0196,0.0024,0.007,0,0.0024,0.0000366592743001881,-0.0216259157913321,-0.00215658890259318,-0.0200332370985204,0.00245304944063515,0.00715472753518585,0
"2005-10-31",0.0073,0.0166,-0.0035,0.0001,0.0049,0.0023,0.0000891229677173477,-0.0263836369886558,0.0368696200810954,0.0170498367022685,-0.0035948450878277,0.00010270985965222,0.00503278312295878
"2005-11-30",0.0066,0.014,-0.0104,-0.0003,0.0036,0.0024,0.0000666422347088691,-0.0275781380578306,0.037548861374779,0.0143970436576143,-0.0106949467170849,-0.000308508078377449,0.00370209694052939
"2005-12-31",0.0667,-0.0394,-0.007,-0.0071,0.0143,0.003,0.0000749690802774872,0.0151001017984391,0.0537127293987463,-0.0388139060671904,-0.00689587163630286,-0.00699438408825004,0.0140872806284473
"2006-01-31",0.0793,-0.0625,0.0315,-0.0083,0.028,0.0029,0.00007996482157413,0.00855578370978782,0.0729395126131052,-0.0619697997964031,0.0312327790973872,-0.00822958941296234,0.0277624703087886
"2006-02-28",-0.0035,0.0225,0.0115,-0.0175,0.0035,0.0027,0.000150708349020867,0.00915213261958225,-0.0100125837768101,0.0222959445585216,0.0113957049965777,-0.0173412902121834,0.00346825804243669
"2006-03-31",0.0293,-0.0057,-0.0215,-0.002,-0.0181,0.0031,0.000250487951854783,-0.0141300646918626,0.0469464728493889,-0.00578169573476084,-0.0218081505784839,-0.00202866517009152,-0.0183594197893283
"2006-04-30",0.0945,0.0376,-0.0614,0.0026,-0.0445,0.0032,0.000252981039600808,0.0324281571315581,0.0629686992464054,0.0364189989785495,-0.0594714504596527,0.00251833503575077,-0.0431022727272727
"2006-05-31",0.0354,-0.0001,0.0244,-0.0076,0.0099,0.0035,0.000462985887673684,0.0136290753607697,0.0244681504160438,-0.000098655417875033,0.024071921961508,-0.0074978117585025,0.00976688636962826
"2006-06-30",-0.0258,-0.0469,0.0374,0.0011,0.0009,0.0034,0.000483711052725155,-0.0196489389572964,-0.00328991094583053,-0.0478400053447354,0.0381495991448423,0.00112204703367183,0.000918038482095136
"2006-07-31",0.0267,0.0005,-0.0109,-0.0076,-0.0149,0.0037,0.000477079513715228,0.000611674239776372,0.0292930366333461,0.000499694349838442,-0.010893336826478,-0.00759535411754432,-0.0148908916251856
"2006-08-31",0.0209,-0.0115,0.0139,0.0102,0.0018,0.0036,0.00035430874314879,-0.0247976139752876,0.0501968534379067,-0.0117924239776302,0.014253451590353,0.010459367354072,0.00184577070954212
"2006-09-30",-0.074,-0.0225,0.027,0.0035,0.0142,0.0043,0.000339365852403795,-0.00542418849055015,-0.0649657229039589,-0.0226227098423519,0.0271472518108223,0.00351908819769919,0.014277443544951
"2006-10-31",-0.0177,-0.0175,-0.0047,0.0007,-0.0023,0.004,0.000455523671999414,0.0100154083204931,-0.0239357677604815,-0.017326468344775,-0.00465339435545385,0.000693058733790999,-0.00227719298245614
"2006-11-30",-0.022,-0.0578,0.0526,-0.0135,0.0257,0.004,0.000514375632770347,0.0109909130246646,-0.0291901160881718,-0.0571716315699367,0.0520281629857901,-0.0133532357473035,0.0254206043485704
"2006-12-31",0.0131,0.0054,-0.0177,0.0137,-0.0112,0.0042,0.000506917632328463,-0.0291547639052262,0.0473428963010341,0.00556216356555604,-0.0182315361315448,0.0141114149718737,-0.0115363392470792
"2007-01-31",-0.0207,-0.0136,0.0053,-0.0039,0.0016,0.0041,0.000450548521388372,-0.0165261940175178,-0.000525594732109336,-0.0138285330196606,0.0053890606620736,-0.00396553520416737,0.00162688623760712
"2007-02-28",0.0125,-0.0245,-0.011,0.0052,-0.0057,0.0041,0.000565736359231517,0.0227330347333727,-0.00656244764662206,-0.0239554205916377,-0.0107554949595108,0.00508441579904148,-0.0055733019335647
"2007-03-31",-0.0045,-0.0193,0.0215,0.0031,0.0071,0.0042,0.000522661582770922,0.00654984688669624,-0.00732793497075368,-0.019174410546776,0.0213600946505535,0.00307982760077749,0.00705379869855489
"2007-04-30",0.0142,-0.0211,0.0122,0.0086,-0.0083,0.004,0.000558282569045998,-0.0157401205626255,0.0339246027661018,-0.0214374276964954,0.012395100374277,0.0087375297720313,-0.00843273222184416
"2007-05-31",0.004,0.0031,0.0022,-0.0165,0.0061,0.0044,0.000637758192207682,-0.019053876478318,0.0273493817943964,0.0031602143335566,0.00224273275284662,-0.0168204956463496,0.00621848626925653
"2007-06-30",0.0346,-0.0117,0.0275,-0.0066,0.0273,0.0038,0.000687395219036047,-0.0132101466893589,0.0516136560293214,-0.0118566277923784,0.0278681422470434,-0.00668835413929041,0.027665464848883
"2007-07-31",-0.017,0.0019,0.0267,-0.0217,0.0167,0.0043,0.000674988501234486,0.0357592545958196,-0.0474612029432476,0.00183440311208364,0.0257781911013858,-0.0209508144906394,0.016123437879893
"2007-08-31",-0.0275,-0.0129,0.0247,-0.0185,0.0044,0.0044,0.000606307393941963,0.0284900284900285,-0.0507672492221968,-0.0125426592797784,0.0240157894736842,-0.0179875346260388,0.0042781163434903
"2007-09-30",0.0037,-0.035,0.0016,0.0033,-0.0098,0.0041,0.000578986033817452,0.0074802122292772,-0.00026157258307058,-0.0347401364068031,0.00158812052145385,0.00327549857549858,-0.00972723819390486
"2007-10-31",-0.0032,0.0282,-0.0066,0.0056,-0.0138,0.004,0.000546686570100485,-0.00260258523466639,0.00286477729003698,0.0282735844133252,-0.00661722188396973,0.00561461250761068,-0.0138360093937549
"2007-11-30",-0.0042,0.0045,0.0044,-0.0315,0.0035,0.004,0.000521833021737583,0.0382813907404072,-0.0375844165213473,0.00433408519129001,0.00423777218703913,-0.0303385963390301,0.00337095514878112
"2007-12-31",-0.038,-0.0313,0.0147,-0.0031,0.0349,0.0042,0.000501116542502844,-0.00617670754632527,-0.0282960904210833,-0.0314945325166637,0.0147913619167718,-0.003119266798775,0.0351169068636282
"2008-01-31",0.0141,-0.0288,0.0006,-0.0177,-0.0089,0.0032,0.000404100653748074,0.0465617388045718,-0.028363978909947,-0.0275186823023901,0.000573305881299794,-0.0169125234983439,-0.00850403723928028
"2008-02-29",0.0007,0.0268,-0.0529,0.015,-0.0333,0.0032,0.000453865318701174,0.0244745177080334,-0.0205368613839063,0.0261597526700393,-0.0516362282181001,0.014641652613828,-0.0325044688026981
"2008-03-31",-0.0229,-0.0158,0.0024,0.0025,0.0355,0.0034,0.000453036130712681,0.0434651977966951,-0.0607954394323732,-0.0151418562242058,0.00230002879355024,0.00239586332661484,0.0340212592379307
"2008-04-30",-0.0399,-0.0172,0.0216,-0.0076,0.0113,0.0027,0.000557454332431151,-0.0447718358366019,0.00736927576271174,-0.0180061692538808,0.0226123985978968,-0.00795621432148222,0.0118296344516775
"2008-05-31",-0.049,-0.0051,0.0385,-0.0338,0.0246,0.0021,0.000614584974119259,-0.00881850938744544,-0.0390348853663511,-0.00514537453362671,0.0388425332440448,-0.0341007174973692,0.0248188653974935
"2008-06-30",0.0101,0.0184,-0.0064,-0.0063,-0.0151,0.0013,0.000576501866838663,-0.00668738815107861,0.0176326580042028,0.0185238763512232,-0.00644308742651242,-0.00634241418547317,-0.0152016593969277
"2008-07-31",-0.0371,0.0306,0.017,-0.016,0.0436,0.0017,0.000550828168002893,-0.0178538390379278,-0.0184159501421953,0.031156258830178,0.0173090326834322,-0.0162908542902892,0.044392577941038
"2008-08-31",0.0622,-0.0646,-0.0129,0.0051,-0.0141,0.0018,0.000497801467904013,-0.00542828227067804,0.0693094140732617,-0.0649525809435708,-0.0129704070305273,0.00512783533765032,-0.0141769565217391
"2008-09-30",0.0203,0.0164,0.0118,0.0209,0.0054,0.0018,0.000555797836576666,0.0259580894846139,-0.00431627258126321,0.015985058423038,0.0115014444751127,0.0203712025025301,0.00526337289539056
"2008-10-31",-0.0661,0.0162,0.0368,-0.0185,0.0402,0.0017,0.00041571484472902,0.077940577940578,-0.132464346145465,0.015028657730791,0.0341391731168586,-0.0171623560505947,0.0372933358504814
"2008-11-30",-0.0312,-0.0132,0.0231,-0.015,0.0577,0.0015,0.00046049855047614,0.029541169076053,-0.0580018294418072,-0.0128212454212454,0.0224371794871795,-0.0145695970695971,0.0560443833943834
"2008-12-31",-0.0436,-0.0258,0.0113,-0.0038,0.0189,0.0013,0.000275415753981489,0.0514373829716928,-0.089427070897497,-0.0245378378378378,0.0107471925413786,-0.00361410014665829,0.0179753928346952
"2009-01-31",-0.105,0.0149,0.0522,-0.0384,0.0501,0.0015,0.000265445453141222,0.0106868529444508,-0.113244903543239,0.0147424496089878,0.0516480449388699,-0.0379939640929618,0.0495702500275361
"2009-02-28",-0.1355,0.0467,0.0453,-0.0259,0.0754,0.0008,0.000292861150438917,-0.0809289952936362,-0.0587986832588658,0.0508121785595013,0.0492889012579317,-0.0281806300790382,0.0820393632416787
"2009-03-31",0.0005,0.042,-0.0003,0.0029,0.034,0.0003,0.000252981039600808,-0.0142208774583965,0.0149845880211728,0.0426058931860037,-0.000304327808471455,0.00294183548189073,0.0344904849600982
"2009-04-30",0.0857,0.008,0.0026,-0.0077,0.0157,0,0.000223059474349752,0.0039489671931956,0.081206411024894,0.00796853252647504,0.00258977307110439,-0.00766971255673222,0.0156382450832073
"2009-05-31",-0.065,0.0324,-0.001,-0.0084,-0.0032,0,0.000150708349020867,0.0335949764521193,-0.0955410485677328,0.0313469015795869,-0.000967496962332928,-0.0081269744835966,-0.00309599027946537
"2009-06-30",-0.1193,-0.0108,0.006,0.0097,-0.0075,0.0001,0.000159027499307518,-0.00902302426882395,-0.111339184485179,-0.0108983359497645,0.00605463108320251,0.0097883202511774,-0.00756828885400314
"2009-07-31",0.013,0.0055,0.0072,-0.0169,-0.0422,0.0002,0.000164018624142059,0.0198857626401523,-0.00671942206741116,0.00539276083800042,0.00705961418792782,-0.0165704833022195,-0.0413771831570214
"2009-08-31",0.0805,-0.0446,-0.0139,0.0191,-0.0578,0.0001,0.000141556404460896,0.0185304891187246,0.0607987016873519,-0.0437885762640152,-0.0136471123334038,0.0187525068753967,-0.0567484239475354
"2009-09-30",0.1089,0.0214,-0.0344,0.0118,-0.0459,0,0.000142388437488261,0.0372108615487763,0.0689748384532682,0.0206322559793148,-0.033165869424693,0.0113766645119586,-0.0442532967032967
"2009-10-31",0.0285,0.0492,0.0005,0,-0.0117,0.0001,0.000154036100476818,-0.0111602209944752,0.0400549257947069,0.0497552799195441,0.000505643088613253,0,-0.0118320482735501
"2009-11-30",0.0406,-0.013,0.0061,0.0353,-0.0084,0.0001,0.000149876392125936,0.0508592661402694,-0.00981745650262322,-0.0123708287292818,0.00580477348066298,0.0335915580110497,-0.00799345856353591
"2009-12-31",0.034,0.0313,-0.0039,0.0013,-0.0077,0.0001,0.000109933506069915,-0.0747743876235496,0.117563406020173,0.0338295866233163,-0.00421518810961449,0.00140506270320483,-0.00832229447282861
"2010-01-31",-0.0084,0.0183,-0.0482,0.0276,-0.0199,0.0001,0.000103274652039076,0.0298738658995352,-0.0371698195596453,0.0177691663085518,-0.0468018478727976,0.0267993983669961,-0.019322754619682
"2010-02-28",-0.0229,-0.0052,0.0123,0.0176,-0.0147,0,0.000102442260993207,0.0173345339936963,-0.0396514132722787,-0.00511139632662093,0.0120904182341226,0.0173001106439478,-0.0144495242310246
"2010-03-31",-0.02,-0.036,-0.04,-0.008,-0.002,0,0.000108268838282743,-0.0488222698072805,0.0301933970779711,-0.0378478162989644,-0.0420531292210716,-0.00841062584421432,-0.00210265646105358
"2010-04-30",0.0022,-0.0266,0.0621,0.0344,0.0141,0.0001,0.000108268838282743,-0.00891341256366707,0.0112059924036871,-0.0268392291220557,0.0626585010706638,0.0347093790149893,0.0142268094218415
"2010-05-31",0.0234,0.0055,0.0028,-0.0063,-0.0071,0,0.000116591872446392,0.0377711705759276,-0.0139647030778791,0.00529981960950764,0.00269808998302207,-0.00607070246179966,-0.00684158531409168
"2010-06-30",0.0076,0.0084,-0.0133,-0.0023,-0.0015,0,0.000114927326565706,0.026217651712058,-0.0182569381183288,0.00818539808391146,-0.0129602136328598,-0.00224123995154719,-0.0014616782292699
"2010-07-31",0.0483,-0.0033,0.0613,0.0152,0.0014,0.0001,0.00010910117598617,0.0238343167881523,0.0238847060338681,-0.00322317776019889,0.0598729686970279,0.0148461521075828,0.00136740874675105
"2010-08-31",0.0053,0.0488,0.0107,0.005,0.0047,0.0001,0.0000907879860900795,0.0277051129607611,-0.0217945945347422,0.0474844382737475,0.0104115469165799,0.00486520883952331,0.00457329630915191
"2010-09-30",-0.0793,0.014,-0.035,0.0088,-0.0023,0.0001,0.0000932854564772434,0.00682389560636887,-0.0855341415801395,0.013905112960761,-0.0347627824019025,0.00874035671819263,-0.00228441141498216
"2010-10-31",-0.0064,0.0157,-0.0318,-0.004,-0.0016,0.0001,0.0000974477546742403,0.0378976143141152,-0.0426812380096724,0.0151267329103316,-0.0306388602897163,-0.00385394469053035,-0.00154157787621214
"2010-11-30",0.0294,-0.0151,-0.0136,-0.0012,0.005,0.0001,0.000129074995281364,-0.0368597415031114,0.0687702788814581,-0.0156778827037773,-0.0141204771371769,-0.00124592445328032,0.00519135188866799
"2010-12-31",-0.0261,-0.0072,0.0071,0.0207,-0.0419,0.0001,0.00011908863412935,0.023141912574997,-0.0481494859534209,-0.00703714696026807,0.00693940880804212,0.0202317975107707,-0.0409522857826711
"2011-01-31",0.0469,-0.0072,-0.0159,-0.0002,0.0425,0.0001,0.000124914144766786,-0.00365987556423086,0.0507210513260303,-0.00722644790008571,-0.0159584057793559,-0.00020073466389127,0.0426561160768948
"2011-02-28",0.0123,-0.0366,-0.0085,0.013,-0.0036,0.0001,0.000149876392125936,0.000366121552355381,0.0118795978057513,-0.0365866048554349,-0.0084968891057704,0.0129952421617665,-0.00359868244479688
"2011-03-31",0.0197,0.0084,0.0028,-0.0187,0.0418,0.0001,0.000124081951813571,-0.00990816819719675,0.0298813854633684,0.0084840615084208,0.00282802050280693,-0.0188871369294606,0.0422183060776178
"2011-04-30",0.0755,0.0312,0.0133,-0.02,0.0128,0.0001,0.000133235655389807,0.0178329848727095,0.0566216700961808,0.0306533591106815,0.0130669768003867,-0.0196495891735138,0.0125757370710488
"2011-05-31",0.004,0.0198,0.0097,-0.0054,0.0214,0.0001,0.000124914144766786,0.000246032722351908,0.00372810516405142,0.0197951297503382,0.00969761406961014,-0.00539867175009224,0.02139473619481
"2011-06-30",0.0483,-0.0013,0.0109,-0.0107,0.0025,0.0001,0.000108268838282743,0.00806051587301604,0.0399086582130148,-0.00128960511748062,0.0108128429081068,-0.0106144421208021,0.00248000984130889
"2011-07-31",-0.0867,0.0289,0.0132,0.0084,-0.0065,0.0001,0.000104939411268434,0.0448302669085254,-0.125895961236665,0.0276599950396825,0.012633630952381,0.00803958333333333,-0.00622110615079365
"2011-08-31",0.0078,-0.0126,-0.0191,0.0156,-0.0077,0,0.0000974477546742403,0.00888888888888895,-0.00117674290885927,-0.012488986784141,-0.018931718061674,0.0154625550660793,-0.00763215859030837
"2011-09-30",-0.0162,-0.0027,-0.0012,0.0039,0.0005,0,0.0000949503986225064,-0.00700934579439272,-0.00935047981038695,-0.00271905882352941,-0.00120847058823529,0.00392752941176471,0.000503529411764706
"2011-10-31",0.0252,0.0185,0.0228,0.0047,0.0008,0,0.0000949503986225064,-0.0119276644863407,0.0374809062991965,0.0187233255451713,0.0230752336448598,0.00475673676012461,0.000809657320872274
"2011-11-30",0.0403,0.0064,-0.0042,0.0098,-0.0044,0,0.000100777456038648,0.00502706883217319,0.0349957211972896,0.00636798768757214,-0.00417899191996922,0.00975098114659484,-0.00437799153520585
"2011-12-31",-0.0751,0.0477,0.0026,0.0172,-0.0106,0.0001,0.000099112620599584,0.00779423226812148,-0.0822530182663844,0.047331090487239,0.00257989172467131,0.0170669760247486,-0.0105180201082753
"2012-01-31",-0.0046,-0.0044,0.0336,0.0002,-0.0129,0,0.000103274652039076,0.00838354728844637,-0.0129788787050399,-0.00436341906988828,0.0333206547155105,0.000198337230449467,-0.0127927513639906
"2012-02-29",-0.0119,-0.0235,-0.0243,0.0102,0.0133,0,0.0000907879860900795,-0.0586929716399506,0.0496198486395321,-0.0249652868745088,-0.025815168980875,0.0108359968561698,0.014129290018339
"2012-03-31",-0.0378,0.0215,0.0043,-0.0071,0.0202,0,0.0000907879860900795,-0.0158961291105448,-0.0223484698603194,0.0218472872996301,0.00436945745992602,-0.00721468557336621,0.0205262885326757
"2012-04-30",0.0125,0.0124,0.0142,0.0053,-0.0007,0,0.0000916204838419254,0.0325773712567345,-0.0195355593262152,0.0120087853415848,0.0137519961169761,0.00513278728309671,-0.000677915301541075
"2012-05-31",0.0428,0.0233,0.0247,-0.0429,0.0262,0,0.0000874579188516744,0.0194149955294418,0.0228521737062579,0.0228562460844506,0.0242295827590528,-0.0420829595288811,0.0257010149104122
"2012-06-30",0.035,-0.0314,0.0045,-0.02,-0.0038,0,0.0000882904470962398,-0.0190452324270142,0.055006229925876,-0.0320096308596245,0.00458736747988249,-0.0203882999105888,-0.00387377698301188
"2012-07-31",0.0141,0.0155,-0.0068,0.0205,0.0013,0,0.0000874579188516744,0.0218950064020489,-0.00771544939861635,0.0151678987595539,-0.00665430397193334,0.020060769327152,0.00127214634757549
"2012-08-31",-0.0178,0.0344,-0.0229,0.0286,-0.0143,0,0.0000807974184358073,-0.00255427841634737,-0.0153655605426355,0.0344880921895006,-0.022958642765685,0.0286732394366197,-0.0143366197183099
"2012-09-30",-0.0841,0.005,-0.0071,0.0144,-0.0111,0.0001,0.0000832951632732115,0.00487679671457886,-0.088528761319084,0.0049757343550447,-0.00706554278416347,0.0143301149425287,-0.0110461302681992
"2012-10-31",0.0471,-0.0089,0.0115,-0.0132,0.0076,0,0.0000849602883763456,-0.0252689517137853,0.0741600859128557,-0.00913072381930185,0.0117981262833676,-0.0135421971252567,0.007797022587269
"2012-11-30",-0.0183,0.0015,-0.0341,0.0021,-0.0164,0,0.0000824625892852371,-0.0314998788466198,0.0135467343083882,0.00154878658994246,-0.0352090818113585,0.00216830122591944,-0.0169334000500375
"2012-12-31",-0.0065,-0.0004,-0.0266,0.008,0.0036,0.0001,0.000081630007672695,-0.0473222530009234,0.0428733493962528,-0.000419869154349406,-0.0279212987642355,0.00839738308698813,0.00377882238914466
"2013-01-31",0.0227,-0.005,0.0111,-0.016,-0.0074,0.0001,0.0000624785259140115,-0.0508326029798422,0.0775135140871976,-0.00526777469990766,0.011694459833795,-0.0168568790397045,-0.00779630655586334
"2013-02-28",-0.019,0.0056,-0.0165,0.0083,0.0096,0.0001,0.0000516519905353618,-0.0116933737548723,-0.00734354506678414,0.00566625766871166,-0.0166952234881683,0.00839820333041192,0.00971358457493427
"2013-03-31",0.0171,-0.0056,0.0084,-0.0036,0.0088,0.0001,0.0000466546931725542,-0.0191163976210705,0.0369775116125874,-0.00570913815504548,0.00856370723256821,-0.00367016024252923,0.00897150281507146
"2013-04-30",0.0383,-0.0177,0.0707,-0.0457,0.0266,0.0001,0.0000957828582619502,-0.0344544708777685,0.0753584227492146,-0.0183316057774002,0.0732228547153781,-0.0473307561597281,0.0275491928632116
"2013-05-31",0.0378,0.0164,-0.011,0.0052,0.0024,0,0.0000957828582619502,-0.0328275314886444,0.0729289710383749,0.0169566447908121,-0.0113733593109106,0.00537649712879409,0.00248146021328958
"2013-06-30",0.0286,0.0023,-0.0074,-0.0011,-0.0012,0,0.0000866253829836516,0.0163289990928335,0.0119872216863408,0.00226304671228801,-0.00728110681344838,-0.00108232668848557,-0.00118072002380244
"2013-07-31",0.055,0.0421,-0.0364,0.012,-0.014,0,0.0000832951632732115,0.00874428063040167,0.0457714573818331,0.0417350569499042,-0.0360844672916037,0.0118959782280012,-0.0138786412660014
"2013-08-31",0.0895,0.0151,-0.043,-0.0062,-0.0017,0,0.0000832951632732115,0.00132355935654638,0.087976592991277,0.0150800406710727,-0.0429431621759024,-0.00619180477885104,-0.00169775292323335
"2013-09-30",-0.053,-0.0017,-0.0322,0.0313,-0.0229,0,0.0000791322170876629,-0.000712178248041595,-0.052404218757507,-0.00170121156587253,-0.0322229484829974,0.0313223070657707,-0.0229163205049888
"2013-10-31",0.0083,-0.0624,0.0356,0.0009,0.0146,0,0.0000749690802774872,0.00193679918450562,0.0062759313165075,-0.0622793773527317,0.0355311832332892,0.000898260250279784,0.0145717773934276
"2013-11-30",0.0142,0.0293,-0.0048,0.0105,-0.0067,0,0.0000716384335668341,-0.0424597364568082,0.0591005328202558,0.0305992354740061,-0.00501284403669725,0.0109655963302752,-0.00699709480122324
"2013-12-31",-0.0255,0.0024,0.0061,-0.0045,-0.0051,0,0.0000666422347088691,-0.0266033254156769,0.00106683751150882,0.00246559297218155,0.00626671547096144,-0.00462298682284041,-0.0052393850658858
"2014-01-31",0.0879,0.024,-0.0071,-0.0176,0.0063,0,0.0000708057528238104,0.0290379350801722,0.0571302583801929,0.023322755344418,-0.00689964845605701,-0.0171033539192399,0.00612222327790974
"2014-02-28",-0.0023,0.0026,0.0027,0.0023,-0.0025,0,0.0000633112829282467,0.00195924764890276,-0.00431423032868494,0.00259491591709034,0.00269472037543997,0.00229550254204145,-0.00249511145874071
"2014-03-31",0.0108,-0.0244,0.005,0.0061,0.0035,0,0.0000624785259140115,-0.00873956107982143,0.0196493553298853,-0.0246151253918495,0.00504408307210031,0.00615378134796238,0.00353085815047022
"2014-04-30",0.008,0.0046,-0.0007,0.0087,-0.0026,0,0.0000666422347088691,0.00822400626590958,-0.000288821298604747,0.0045624781510973,-0.00069429015342785,0.00862903476403185,-0.0025787919984463
"2014-05-31",-0.0266,0.0567,-0.0082,0.0148,-0.0057,0,0.0000649767740734664,0.00363564901247915,-0.0301910977844514,0.0564946054435089,-0.00817029567260623,0.0147463873115332,-0.00567935186998238
"2014-06-30",-0.0056,-0.0235,0.0079,0.0068,0.0091,0,0.0000624785259140115,0.00483807266982628,-0.0104502941886832,-0.0233868527070846,0.00786196325046674,0.00676725950673086,0.00905618551636042
"2014-07-31",-0.0116,0.0156,0.0096,-0.013,-0.0047,0,0.00003999120269782,-0.0143065693430657,0.00270586187787081,0.0158264218009479,0.00973933649289099,-0.0131886848341232,-0.00476821682464455
"2014-08-31",-0.0233,0.004,0.0027,0.0208,-0.0031,0,0.000045821783572153,-0.0120192307692307,-0.0114638266497523,0.00404866180048662,0.00273284671532847,0.0210530413625304,-0.00313771289537713
"2014-09-30",0.0379,-0.0128,-0.0129,0.003,0.0153,0,0.0000541505362121608,-0.0516140798832755,0.0943315610022495,-0.0134966153846154,-0.0136020576923077,0.00316326923076923,0.0161326730769231
"2014-10-31",0.0576,0.0271,-0.0006,-0.0056,0.0027,0,0.0000208309465616896,-0.0216790079400483,0.081014952383732,0.027700519788437,-0.000613295641072406,-0.00572409265000912,0.00275983038482583
"2014-11-30",0.0077,0.0035,-0.0025,0.0155,0.011,0,0.00000833295141333679,-0.055686604886268,0.0671162098267115,0.00370639664555268,-0.00264742617539477,0.0164140422874476,0.011648675171737
"2014-12-31",-0.0199,0.0278,0.0086,-0.005,0.0118,0,-0.0000166681946396352,-0.00959532749269909,-0.0103878389662704,0.0280693344566133,0.00868331929233361,-0.00504844144903117,0.0119143218197136
"2015-01-31",-0.0105,-0.0152,-0.003,0,-0.0009,0,0.00000749969064273159,0.0205211171662125,-0.0304048296864708,-0.0148943512724239,-0.00293967459324155,0,-0.000881902377972466
"2015-02-28",-0.0213,-0.0285,-0.001,0.0028,0.0063,0,0.00000499986250535045,-0.0190444370197127,-0.00230435272354068,-0.0290533038147139,-0.00101941416893733,0.00285435967302452,0.00642230926430518
"2015-03-31",-0.0005,-0.0142,-0.0045,-0.0061,-0.0158,0,0.0000249965631586857,-0.00200066688896294,0.00147867867907325,-0.0142284664216505,-0.0045090210491146,-0.00611222853324424,-0.0158316739057802
"2015-04-30",-0.0085,0.0198,0.0186,-0.0027,0.0038,0,0,0.000834306691139597,-0.00932652550850266,0.0197834944981661,0.0185844948316105,-0.00269774924974992,0.00379683227742581
"2015-05-31",0.028,-0.0021,-0.0023,0.0295,0.012,0,0,-0.0332311663171481,0.0633358918738531,-0.0021721842149174,-0.0023790589020524,0.0305140163524112,0.0124124812280995
"2015-06-30",0.0542,-0.0413,0.0195,-0.0164,-0.0004,0,0,0.0153972153972155,0.0382143894176479,-0.040673737699629,0.0192043071463139,-0.016151314728182,-0.000393934505565414
"2015-07-31",0.019,0.0033,-0.0312,0.0175,-0.0233,0,0.00000416657118362807,-0.0148458931741166,0.0343517711847541,0.00334972972972973,-0.031670171990172,0.0177637182637183,-0.023651122031122
"2015-08-31",0.0349,-0.0102,0.0323,-0.0156,0.0102,0,0.00000416657118362807,0.0221012699983505,0.0125178118054503,-0.00997944166532193,0.0316015652735195,-0.0152626754881394,0.00997944166532193
"2015-09-30",0.0089,-0.0141,0.0123,-0.0094,0.002,0,0.00000833295141333679,0.012102495618062,-0.00317253384206173,-0.0139313953488372,0.012152919346858,-0.0092875968992248,0.00197608444664358
"2015-10-31",-0.0068,0.0361,-0.0224,0.021,-0.0015,0,-0.000000833337152839064,-0.00737365368682685,0.000578748369286952,0.0363681662632501,-0.0225663967949253,0.0211559969952425,-0.00151114264251732
"2015-11-30",0.0092,-0.0086,-0.0154,0.0235,0.0142,0,-0.00000833371530217786,-0.0204512254504139,0.0302786236904472,-0.0087795526097763,-0.0157215244407622,0.023990637945319,0.0144964705882353
"2015-12-31",-0.053,0.0208,0.0164,-0.0119,0.0266,0,-0.0000358403974268784,0.0245281450070676,-0.0756362095944577,0.0203020288914137,0.0160073689336147,-0.0116151030676838,0.0259631715630579
"2016-01-31",-0.0621,0.0302,0.0134,-0.0002,-0.0001,0,-0.00005668433545436,-0.00644361833952911,-0.0559606516585592,0.0303958593165378,0.0134869044649539,-0.000201297081566475,-0.000100648540783238
"2016-02-29",0.0926,-0.0482,0.0088,0.0007,-0.0147,0,-0.000145950434766062,0.0721877767936225,0.0191838686503796,-0.0449548120611318,0.00820751755472945,0.000652870714580752,-0.0137102850061958
"2016-03-31",-0.0016,0.0253,-0.0248,0.0174,-0.0245,0,-0.000128424004500527,0.00426970289983997,-0.00571632355971563,0.0251924357838795,-0.0246945615589017,0.0173260230292294,-0.024395837023915
"2016-04-30",0.0042,0.0071,-0.0057,0.0079,0.0109,0.0001,-0.000198550011486498,0.0516370439663236,-0.0448141701450693,0.00675137875822807,-0.0054201209749155,0.00751209749154955,0.0103647927415051
"2016-05-31",-0.0758,0.0066,-0.0127,0.0279,0.018,0.0001,-0.000221102008810981,-0.0347629796839729,-0.0421902637535839,0.0068376987839102,-0.0131573900841908,0.0289048175865295,0.0186482694106642
"2016-06-30",-0.0194,0.0185,-0.0495,0.0091,0.0152,0.0002,-0.000271237601818131,0.077649119392819,-0.0895994982898298,0.0171669977426637,-0.0459333182844244,0.00844430699774266,0.014104776523702
"2016-07-31",0.0506,0.035,-0.0297,0.0039,-0.0264,0.0002,-0.000229456020658048,0.00439796716184526,0.0464283078256594,0.0348467451590931,-0.0295699523207162,0.00388292303201323,-0.0262844020628588
"2016-08-31",0.0514,-0.008,-0.0023,-0.0165,-0.0027,0.0001,-0.000183518454694553,-0.0102534339330626,0.0625766967189634,-0.00808287724784988,-0.00232382720875684,-0.0166709343236904,-0.00272797107114934
"2016-09-30",-0.0104,0.007,-0.0081,-0.0021,-0.0128,0.0001,-0.000265387024029895,0.021440569113724,-0.0308089310258831,0.00685306635712904,-0.00792997678467789,-0.00205591990713871,-0.0125313213387502
"2016-10-31",-0.0247,0.0224,-0.0355,0.0219,0.0089,0.0002,-0.000258701110551818,-0.0367374131531359,0.0129628311372288,0.0232543029344926,-0.0368539175970754,0.022735233672562,0.00923943286236538
"2016-11-30",0.0672,-0.0097,0.0644,-0.0289,-0.0105,0.0002,-0.000216925290815517,-0.0810739898548192,0.161790314459941,-0.0105558008946417,0.0700818121252499,-0.0314497573046541,-0.0114263824117255
"2016-12-31",-0.0117,-0.0205,0.046,-0.0054,-0.0173,0.0002,-0.000246166348294219,-0.0208939886966945,0.0098406214821054,-0.0209374672030785,0.0469816337239811,-0.00551523526324996,-0.0176691796396712
"2017-01-31",0.0267,0.0395,-0.0351,0.0099,0.0117,0.0002,-0.000241988478346333,0.0360184528034067,-0.00855945012415416,0.0381267340297996,-0.0338797054290118,0.00955581435177256,0.0112932351430039
"2017-02-28",0.016,0.0055,0.0358,-0.0042,-0.0091,0.0002,-0.00022193737544296,0.00588970194538629,0.0104718664031224,0.00546779630943932,0.0355903832505323,-0.00417540809084457,-0.00904671753016324
"2017-03-31",-0.0388,-0.0124,0.0631,-0.0256,0.0051,0.0001,-0.000211913482563775,0.00583430571761956,-0.0440640725963225,-0.0123280742459397,0.0627339907192575,-0.0254515081206497,0.00507041763341067
"2017-04-30",0.0135,0.0058,0.0134,0.0048,-0.0085,0.0003,-0.000169324266588666,-0.000269203158650311,0.0142423159190436,0.00580156179876133,0.01340360829369,0.00480129252311283,-0.0085022888430123
"2017-05-31",0.0383,0.0198,-0.0053,-0.0034,-0.0041,0.0004,-0.000133431211178481,0.0065938036311084,0.032029312402851,0.0196702979181622,-0.00526528176597272,-0.00337772792534099,-0.00407314249820531
"2017-06-30",0.0113,0.0265,0.008,-0.0078,0.0059,0.0004,-0.0000958838826297104,-0.0150355871886123,0.0272395926713573,0.0269045253364646,0.00812212085629121,-0.00791906783488393,0.00599006413151477
"2017-07-31",0.0084,0.0123,-0.0277,0.0172,0,0.0003,-0.0000917129144495377,0.0183004167421636,-0.00933616964782835,0.0120789501779359,-0.0272021886120996,0.0168908896797153,0
"2017-08-31",0.0125,-0.0137,0.0033,0.0022,0.0045,0.0005,-0.000120913711624038,0.00290750499727421,0.0101841498051192,-0.0136602826599022,0.00329043304946548,0.00219362203297699,0.00448695415836202
"2017-09-30",0.0295,0.0223,-0.0619,0.0293,-0.0078,0.0006,-0.000111735307382288,-0.0229048295454545,0.0543590912950254,0.0228227512266037,-0.0633510448846084,0.0299868435398873,-0.00798284572051608
"2017-10-31",0.0117,0.0145,0.0124,-0.0207,0.0037,0.0006,-0.000133431211178481,-0.00871248789932244,0.0213305991799284,0.01462744140625,0.012508984375,-0.02088193359375,0.00373251953125
"2017-11-30",0.0233,0.0186,0.0051,0.0099,0.0152,0.0007,-0.000133431211178481,0.0118432769367764,0.0121478640194157,0.0183822934084309,0.0050403062571504,0.00978412391093901,0.0150220892369973
"2017-12-31",0.003,0.0229,0.0009,0.0053,0.0015,0.0009,-0.00011590719442045,-0.00346082172331164,0.00750229187830265,0.0229795280498664,0.000903125556544969,0.00531840605520926,0.00150520926090828
"2018-01-31",0.0171,0,0.0238,-0.0061,0.0135,0.0009,-0.000108397935606575,0.0309212331900099,-0.0124252785219319,0,0.0230861478392049,-0.00591703789156092,0.0130950838583725
"2018-02-28",0.0412,-0.0123,-0.0059,0.0026,0.0042,0.0009,-0.000132596657577144,0.0252297880322641,0.0165876510899254,-0.0119973104016101,-0.0057548074284146,0.00253601683286067,0.00409664257615955
"2018-03-31",0.026,0.001,-0.0228,0.0101,-0.0247,0.0008,-0.000111735307382288,0.00395480225988698,0.0228669407097457,0.000996060776589758,-0.0227101857062465,0.0100602138435566,-0.024602701181767
"2018-04-30",0.0129,0.0194,0.0196,-0.013,0.0123,0.0009,-0.000115072801694871,-0.0281844802342606,0.0433171820295667,0.0199626365348399,0.0201684369114878,-0.0133770244821092,0.0126567231638418
"2018-05-31",0.0441,0.0191,-0.0286,0.003,-0.0028,0.0011,-0.000120913711624038,0.00505840154511161,0.0400604817936157,0.0190038707906296,-0.0284560578330893,0.00298490117130308,-0.00278590775988287
"2018-06-30",-0.0144,0.0072,-0.0182,0.0087,-0.0113,0.0011,-0.000107563611807859,-0.0178845632734169,0.00477561290823025,0.0073311137680493,-0.0185314264692357,0.0088584291363929,-0.0115057757748551
"2018-07-31",-0.0149,-0.001,-0.037,0.0181,-0.0349,0.0012,-0.000100055042203562,-0.0104576331784055,-0.00317657760164058,-0.0010105681510252,-0.0373910215879324,0.0182912835335561,-0.0352688284707795
"2018-08-31",0.0028,-0.0219,0.044,-0.0158,0.0136,0.0014,-0.0000958838826297104,0.00810956929176432,-0.00378223553102786,-0.0217238291026099,0.043646049338577,-0.0156728995352163,0.0134905970682875
"2018-09-30",-0.0132,0.0166,-0.0543,0.0302,-0.0292,0.0014,-0.000106729295667018,-0.0220303137116673,0.01056749700156,0.0169739412506758,-0.0555231933681744,0.0308803027572536,-0.0298577761758876
"2018-10-31",-0.0256,-0.0069,-0.0066,0.0165,-0.0113,0.0014,-0.000125086019946985,0.00549353180932144,-0.0294062146497747,-0.0068623017271766,-0.00656394078251674,0.0164098519562919,-0.0112382622488544
"2018-11-30",-0.0013,-0.0119,0.0228,-0.0046,0.0082,0.0016,-0.000120913711624038,-0.00598907873877041,0.00644788518070061,-0.0119716994506468,0.0229373737373737,-0.00462771575403154,0.00824940634414319
"2018-12-31",-0.0043,-0.0012,-0.0293,0.0103,-0.0225,0.0016,-0.000123417073636167,0.0350045578851412,-0.0363059470271212,-0.0011594151840761,-0.028309054077858,0.00995164699665316,-0.0217390347014268
"2019-01-31",0.0278,-0.0217,0.009,-0.0071,0.009,0.0015,-0.000150123892499576,0.00790150679897095,0.0213808622698927,-0.0215298814949863,0.00892944393801276,-0.00704433910665451,0.00892944393801276
"2019-02-28",-0.0882,-0.0031,0.039,-0.0177,0.0307,0.0019,-0.000132596657577144,-0.0228048123541029,-0.0648443787191227,-0.0031723447262036,0.0399101433296582,-0.0181130650496141,0.0314164461595002
"2019-03-31",0.0083,0.0074,-0.0365,0.012,-0.0207,0.0018,-0.000148454486411209,0.00632453921214293,0.00390018729301933,0.00735349254803376,-0.0362706051355719,0.011924582510325,-0.0205699048303107
"2019-04-30",-0.073,-0.0405,0.0429,-0.0027,0.0296,0.0019,-0.000130927573360862,-0.00646319569120279,-0.0649263546817892,-0.0407634622334658,0.0431790748102638,-0.00271756414889772,0.0297925551138417
"2019-05-31",0.0521,-0.0117,-0.015,0.0101,-0.0072,0.0021,-0.000131762111637901,0.0252162709368673,0.028402605917742,-0.0114122262118492,-0.0146310592459605,0.00985157989228007,-0.00702290843806104
"2019-06-30",0.0029,0.022,-0.0364,0.0119,-0.0228,0.0018,-0.000163480245109926,0.0076038575667654,-0.00271846343241622,0.0218339775446346,-0.0361253083011228,0.0118101969445978,-0.0226279403644395
"2019-07-31",0.0017,-0.0035,-0.0254,0.0045,-0.011,0.0019,-0.000157636599346866,-0.00681525142751882,0.0106443576675962,-0.00352401706231454,-0.0255742952522255,0.00453087908011869,-0.0110754821958457
"2019-08-31",0.0121,-0.0055,-0.0143,0.0047,-0.0171,0.0021,-0.000223608131741049,0.0214487300094075,-0.00687291056415151,-0.00538450911770123,-0.0139997237060232,0.00460130779149014,-0.016740928347762
"2019-09-30",-0.038,0.0054,-0.0157,0.0193,-0.0016,0.0021,-0.000249508782532493,-0.0167422070113774,-0.0192344893359998,0.00549194731890875,-0.0159673283160866,0.0196286265286924,-0.00162724365004704
"2019-10-31",0.0251,-0.0043,0.001,-0.0058,0.0036,0.0018,-0.000182683441090514,0.000185030992691182,0.0268927102656211,-0.00429920451392101,0.000999815003237444,-0.00579892701877717,0.0035993340116548
"2019-11-30",0.0034,0.0125,-0.0237,0.0214,-0.0192,0.0019,-0.000131762111637901,-0.0126061934776651,0.0182665664413633,0.0126595892311962,-0.024002581182348,0.0216732167638079,-0.0194451290591174
"2019-12-31",-0.0128,-0.0203,-0.0238,0.0089,0.0085,0.0016,-0.000107563611807859,0.00736173737001944,-0.0183185257277373,-0.0201516488535672,-0.0236260710696995,0.0088349593495935,0.00843788252489266
"2020-01-31",0.0383,-0.0063,0.033,-0.0182,0.0097,0.0018,-0.000116741594805347,0.00156682027649757,0.038589641199112,-0.00629014447409589,0.0329483758166927,-0.0181715284807215,0.00968482561884605
"2020-02-29",0.0483,0.0084,0.0242,0.0039,0.0031,0.0015,-0.00018184843515745,0.00351461339252679,0.0463051295411483,0.00837058064516129,0.0241152442396313,0.00388634101382489,0.00308914285714286
"2020-03-31",0.0067,0.0131,-0.0197,0.0016,-0.008,0.0012,-0.000125086019946985,0.00548684088161444,0.00252507677096447,0.0130285146133925,-0.0195924990751017,0.00159126896041435,-0.00795634480207177
"2020-04-30",0.0208,0.0092,0.0094,-0.0024,-0.0118,0.0014,-0.000156801823476993,0.00551711239947639,0.0167481530742908,0.00914952106388915,0.00934842369571282,-0.00238683158188412,-0.0117352552775969
"2020-05-31",-0.0205,-0.0156,-0.0147,-0.0023,0.0105,0.0013,-0.000131762111637901,-0.00770158671244325,-0.0114558945182479,-0.0157210772395736,-0.0148140920142136,-0.00231785113147559,0.0105814942958668
"2020-06-30",-0.1009,-0.0499,0.0219,-0.0079,-0.0006,0.0012,-0.000150123892499576,0,-0.0995498761075004,-0.0499,0.0219,-0.0079,-0.0006
"2020-07-31",-0.0521,0.0093,-0.0352,-0.0167,0.0108,0.0012,-0.000132596657577144,0.018812629986765,-0.0682927721834733,0.00912827317435279,-0.0345500231975503,-0.0163916303238378,0.0106005752992484
"2020-08-31",0.0496,0.022,-0.07,0.0359,-0.0612,0,-0.000107563611807859,-0.000566893424036263,0.0503029124490172,0.0220124787294385,-0.0700397050482133,0.0359203630175837,-0.0612347135564379
"2020-09-30",0.0643,0.0287,-0.0739,0.0214,-0.0279,0.0001,-0.00012425154296114,0.00246258761129003,0.0619095123139362,0.0286294973544974,-0.0737184618291761,0.0213474300831444,-0.027831462585034
"2020-10-31",-0.0022,0.0033,-0.0397,0.0217,-0.0255,0.0001,-0.000115072801694871,0.00994834513105025,-0.0118145919075303,0.00326749384353097,-0.0393089410873271,0.02148624739534,-0.0252488160636484
"2020-11-30",-0.0198,-0.0177,-0.0276,0.0077,-0.0257,0.0001,-0.000107563611807859,0.00153286070128389,-0.0210927998854182,-0.0176729098909508,-0.0275577577960589,0.00768821503730629,-0.0256606657738665
"2020-12-31",0.0785,0.0089,-0.0031,0.0034,0.0051,0.0001,-0.0000992207949763735,0.0115321252059308,0.0664024781239665,0.0087985342019544,-0.00306465798045603,0.00336123778501629,0.00504185667752443
"2021-01-31",0.0211,0.0452,-0.0412,0.0073,-0.0083,0.0001,-0.0000983865554056162,-0.0138570336391439,0.0356480328389603,0.0458351390638628,-0.0417789320670608,0.00740257776916368,-0.00841662951836419
"2021-02-28",-0.0199,-0.0138,-0.0041,0.0296,0.0049,0.0001,-0.000097552323490957,-0.018754688672168,-0.000967738196386847,-0.0140637614678899,-0.00417836391437309,0.030165749235474,0.00499365443425076
"2021-03-31",0.1092,-0.0506,-0.0463,0.0364,-0.0415,0.0001,-0.000107563611807859,-0.0358918723442727,0.150704647257719,-0.0524837396849212,-0.0480236590397599,0.0377551012753188,-0.0430449643660915
"2021-04-30",0.0399,-0.0169,0.0313,0.0056,0.0127,0.0001,-0.0000992207949763735,0.0117076740144517,0.0280641425922823,-0.0167044299792062,0.0309377904348612,0.00553519573275472,0.0125530331796402
"2021-05-31",-0.0123,-0.0045,0.0168,-0.0113,0.0222,0,-0.0000992207949763735,-0.0045524902121461,-0.00768372075811974,-0.00452057989572853,0.0168768316107198,-0.0113516784048294,0.0223015274855941
"2021-06-30",0.0114,-0.0167,0.066,-0.0052,0.019,0,-0.0000908787437792213,-0.0109860423232777,0.0227255869291567,-0.0168855048711645,0.066733133023764,-0.00525776199581171,0.0192110534462351
"2021-07-31",0.0133,0.0122,0.0553,-0.0217,0.0191,0,-0.000106729295667018,0.0123062898814947,0.00108835919211037,0.0120516884286358,0.0546277352543899,-0.0214361999099505,0.0188678072940117
"2021-08-31",-0.0158,-0.0008,-0.0101,0.0123,-0.0002,0,-0.000107563611807859,-0.00318037255792814,-0.0125523269989489,-0.000802552415679125,-0.010132224247949,0.0123392433910665,-0.000200638103919781
"2021-09-30",0.0086,-0.0186,0.0245,-0.0103,0.018,0,-0.0000908787437792213,-0.0130044843049327,0.0219800200431886,-0.0188450704225352,0.0248228078146297,-0.0104357110404362,0.0182371649250341
"2021-10-31",0.0005,0.0171,-0.0335,0.0152,-0.0047,0,-0.0000908787437792213,-0.022187143734105,0.0232928069949001,0.0174880089686099,-0.034260134529148,0.0155448968609865,-0.00480664573991031
"2021-11-30",-0.0109,0.011,0.0354,-0.0004,0.0148,0,-0.000108397935606575,0.00715421303656583,-0.017817568915222,0.010921862667719,0.0351485398579321,-0.00039715864246251,0.0146948697711129
"2021-12-31",0.0286,-0.0083,-0.0297,0.0155,-0.0111,0,-0.0000741969376999441,-0.0169314925761918,0.0463898832122097,-0.00844295177530472,-0.0302115262321145,0.0157669581346052,-0.0112911764705882
"2022-01-31",0.0289,-0.0132,0.0166,0.0012,-0.0051,0,-0.0000666911236122392,-0.000433952438812502,0.0294133786290387,-0.0132057306590258,0.0166072067378658,0.00120052096900234,-0.00510221411825996
"2022-02-28",-0.0382,-0.0062,-0.0068,0.0097,-0.0008,0,-0.0000583520569852336,0.00095560767961067,-0.0390598739454447,-0.0061940808887346,-0.00679350807151536,0.00969073945495574,-0.00079923624370769
"2022-03-31",-0.0292,-0.0199,-0.0257,-0.0008,-0.0104,0,-0.0000625214946752273,-0.0521245059288536,0.0242476661389284,-0.0209943184779776,-0.0271132655720615,-0.000843992702632265,-0.0109719051342194
"2022-04-30",0.0127,-0.003,0.0628,-0.0264,0.0365,0.0001,-0.000070860943814588,-0.0646950092421442,0.082926196912194,-0.00320750988142292,0.0671438735177866,-0.0282260869565217,0.0390247035573123
"2022-05-31",-0.0514,-0.0371,0.1458,-0.0669,0.0605,0,-0.000070860943814588,0.010192173033533,-0.0608998876698638,-0.0367256854590265,0.144328974121996,-0.0662250231053604,0.0598895948860136
